"tr_build_id","gh_project_name","NC","nbr_auth","NMF","NLR","NLA","CX","FT","TD","WD","CTM","AX","ACF","BT","openjdk6","openjdk7","oraclejdk7","oraclejdk8","BS3","prev_BS3","BS2","prev_BS2","BS1","prev_BS1","entropy","MysteryGuest","GeneralFixture","AssertionRoulette","IndirectTesting","SensitiveEquality","commit","LongMethod","LongParameterList","ComplexClass","Blob","LazyClass","AntiSingleto","BaseClassShouldBeAbstract","RefusedParentBequest","ManyFieldAttributesButNotComplex","SpaghettiCode","SpeculativeGenerality","LargeClass","gh_build_started_at","old_PB","BC","DLF","exist_test"
26979602,"spotify/helios",2,10,364,225,37014,"high","src+other",17,"Friday","1",0,"daily","UNKNOWN",0,0,1,0,0,NA,0,NA,0,NA,0.469161332092461,"1","0","1","1","1","5bff3fb325b345318bd2955e2476b41dd2de951f",1,1,0,0,1,1,0,0,0,1,0,0,"2014-06-06 21:34:51",1,0.36,"",1
26982271,"spotify/helios",1,1,1,0,1,"faible","other",17,"Friday","1",0,"daily","UNKNOWN",0,1,1,0,1,0,1,0,1,0,0,"","","","","","cf97a9679accf3f5bfb60235984ad0980cee4a5c",NA,NA,NA,NA,NA,NA,NA,NA,NA,NA,NA,NA,"2014-06-06 21:46:49",0,0.35,"",0
26984285,"spotify/helios",3,10,348,6,36813,"high","test+src+other",18,"Friday","1",0,"daily","UNKNOWN",0,0,1,0,0,1,0,1,0,NA,0.312774221394974,"1","0","1","1","1","102a6bdad33d92d43142881d4debe39d4f68523a",1,1,0,0,1,1,0,0,0,1,0,0,"2014-06-06 22:18:59",1,0.36,"",1
26985752,"spotify/helios",1,1,1,2,2,"faible","other",18,"Friday","1",0,"daily","UNKNOWN",0,0,1,0,1,1,1,1,1,NA,0,"","","","","","47a5483090ef830617c3287431693bff4fcca333",NA,NA,NA,NA,NA,NA,NA,NA,NA,NA,NA,NA,"2014-06-06 22:41:43",0,0.35,"",0
26987344,"spotify/helios",1,1,1,2,2,"faible","other",18,"Friday","1",0,"daily","UNKNOWN",0,1,1,0,1,1,1,1,1,1,0,"","","","","","47a5483090ef830617c3287431693bff4fcca333",NA,NA,NA,NA,NA,NA,NA,NA,NA,NA,NA,NA,"2014-06-07 00:57:09",0,0.35,"",0
26993506,"spotify/helios",1,1,29,416,369,"moy","test+src",22,"Friday","1",0,"daily","PUSH",0,0,1,0,0,1,0,1,0,1,0.712529444671731,"1","0","0","0","1","e69cd1ff13aa7b10146e395abdb89dbfa54b4245",1,1,0,0,0,0,0,0,0,1,0,0,"2014-06-07 02:18:33",NA,0.41,"",1
26993508,"spotify/helios",1,1,29,416,369,"moy","test+src",22,"Friday","1",0,"daily","PR",0,1,1,0,0,1,0,1,0,1,0.712529444671731,"1","0","0","0","1","e69cd1ff13aa7b10146e395abdb89dbfa54b4245",1,1,0,0,0,0,0,0,0,1,0,0,"2014-06-07 02:18:41",1,0.41,"less_day",1
26993934,"spotify/helios",1,1,31,422,403,"faible","src+other",22,"Friday","1",0,"daily","MERGE",0,1,1,0,0,1,0,1,0,1,0.727286464721873,"1","0","0","0","1","ba91aa55c6e7e31f42f43a08f97065472e0852c3",1,1,0,0,0,1,0,0,0,1,0,0,"2014-06-07 02:34:45",1,0.42,"less_day",1
27023702,"spotify/helios",1,1,2,15,33,"faible","src+other",13,"Saturday","1",0,"daily","PUSH",0,1,1,0,0,1,0,1,0,NA,0.937734293986804,"","","","","","d14c3468281cc9ed2c9fbc44e653556c308d09c5",NA,NA,NA,NA,NA,NA,NA,NA,NA,NA,NA,NA,"2014-06-07 17:08:47",0,0.45,"less_day",0
27023708,"spotify/helios",1,1,2,15,33,"faible","src+other",13,"Saturday","1",0,"daily","PR",0,1,1,0,1,0,1,0,1,0,0.937734293986804,"","","","","","d14c3468281cc9ed2c9fbc44e653556c308d09c5",NA,NA,NA,NA,NA,NA,NA,NA,NA,NA,NA,NA,"2014-06-07 17:08:26",0,0.45,"less_day",0
27024881,"spotify/helios",1,1,1,1,1,"faible","test+src",13,"Saturday","1",0,"daily","PUSH",0,1,1,0,0,0,0,0,0,0,0,"0","0","0","0","0","24c2c45af416ee0e95b21a1e7b8adb1fe7b24cd7",1,1,0,0,0,0,0,0,0,1,0,0,"2014-06-07 17:29:03",1,0.5,"less_day",1
27025938,"spotify/helios",1,1,1,1,1,"faible","test+src",13,"Saturday","1",0,"daily","PUSH",0,1,1,0,0,0,0,0,0,0,0,"0","0","0","0","0","24c2c45af416ee0e95b21a1e7b8adb1fe7b24cd7",1,1,0,0,0,0,0,0,0,1,0,0,"2014-06-07 17:49:10",1,0.5,"less_day",1
27045869,"spotify/helios",1,1,2,3,3,"faible","src",22,"Saturday","1",1,"daily","PUSH",0,1,1,0,0,0,0,0,0,0,0.91829583405449,"0","0","0","0","0","ff209dbeaea96bc37be1290b405a653f441c8a9d",1,0,0,0,0,0,0,0,0,0,0,0,"2014-06-08 02:58:30",0,0.5,"less_day",1
27266050,"spotify/helios",3,10,9,29,359,"faible","src+other",19,"Tuesday","1",4,"daily","PUSH",0,1,1,0,0,NA,0,NA,0,NA,0.208764971490336,"1","0","0","0","0","5faa820737d54464b8fad8f2a8db3c57f66d84ef",1,1,0,0,0,0,0,0,0,1,0,0,"2014-06-10 23:21:52",0,0.5,"week_ago",1
27266118,"spotify/helios",3,10,16,55,715,"faible","src+other",19,"Tuesday","1",4,"daily","PR",0,1,1,0,0,0,0,0,0,0,0.208764971490336,"1","0","0","0","0","5faa820737d54464b8fad8f2a8db3c57f66d84ef",1,1,0,0,0,0,0,0,0,1,0,0,"2014-06-10 23:23:52",0,0.5,"week_ago",1
27318833,"spotify/helios",1,1,7,26,356,"faible","src+other",11,"Wednesday","1",0,"daily","MERGE",0,1,1,0,0,0,0,0,0,0,0.685645937451179,"1","0","0","0","0","51004d6eee94b573ced12aab915fc3726d0f9692",1,1,0,0,0,0,0,0,0,1,0,0,"2014-06-11 16:57:12",0,0.47,"week_ago",1
27332168,"spotify/helios",1,1,2,5,1,"faible","other",13,"Wednesday","1",4,"daily","PUSH",0,1,1,0,0,NA,0,NA,0,NA,0.91829583405449,"","","","","","66e7485a367e5317c60fb84e7624f181597db96d",NA,NA,NA,NA,NA,NA,NA,NA,NA,NA,NA,NA,"2014-06-11 18:43:20",0,0.43,"week_ago",0
27335206,"spotify/helios",1,1,2,5,1,"faible","other",13,"Wednesday","1",4,"daily","PR",0,1,1,0,0,0,0,0,0,0,0.91829583405449,"","","","","","66e7485a367e5317c60fb84e7624f181597db96d",NA,NA,NA,NA,NA,NA,NA,NA,NA,NA,NA,NA,"2014-06-11 18:18:20",0,0.43,"week_ago",0
27343026,"spotify/helios",1,1,2,5,1,"faible","other",15,"Wednesday","1",0,"daily","MERGE",0,1,1,0,0,0,0,0,0,0,0.91829583405449,"","","","","","f23b9d0408822ad3cf3fdf2c494aaab6163c9b74",NA,NA,NA,NA,NA,NA,NA,NA,NA,NA,NA,NA,"2014-06-11 19:56:40",0,0.4,"week_ago",0
27433861,"spotify/helios",2,10,4,19,42,"faible","src",15,"Thursday","1",5,"daily","PUSH",0,1,1,0,0,NA,0,NA,0,NA,0,"","","","","","3ce62e1c7ec5d48b1a06d65f575295040a5cbecd",NA,NA,NA,NA,NA,NA,NA,NA,NA,NA,NA,NA,"2014-06-12 19:36:42",0,0.33,"week_ago",0
27436246,"spotify/helios",2,10,6,33,83,"faible","src",15,"Thursday","1",5,"daily","PR",0,1,1,0,0,0,0,0,0,0,0,"","","","","","3ce62e1c7ec5d48b1a06d65f575295040a5cbecd",NA,NA,NA,NA,NA,NA,NA,NA,NA,NA,NA,NA,"2014-06-12 20:06:21",0,0.33,"week_ago",0
27459105,"spotify/helios",4,10,16,59,340,"faible","test+src",22,"Thursday","1",6,"daily","PUSH",0,1,1,0,1,NA,1,NA,1,NA,0.188992871902652,"1","0","1","1","1","960ae4533c48adfb77844fd281b42130195690be",1,1,0,0,0,0,0,0,0,1,0,0,"2014-06-13 03:29:44",0,0.33,"week_ago",1
27459196,"spotify/helios",4,10,26,85,597,"faible","test+src",22,"Thursday","1",6,"daily","PR",0,1,1,0,1,0,1,0,1,0,0.188992871902652,"1","0","1","1","1","960ae4533c48adfb77844fd281b42130195690be",1,1,0,0,0,0,0,0,0,1,0,0,"2014-06-13 02:51:41",0,0.33,"week_ago",1
27483771,"spotify/helios",1,1,1,14,41,"faible","src",7,"Friday","1",1,"daily","MERGE",0,1,1,0,0,0,0,0,0,0,0,"","","","","","eed41e765626862d9fa9fc9aeb10435546cd01f8",NA,NA,NA,NA,NA,NA,NA,NA,NA,NA,NA,NA,"2014-06-13 11:28:01",0,0.31,"week_ago",0
27502416,"spotify/helios",1,1,3,29,25,"faible","test+src",11,"Friday","1",6,"daily","PUSH",0,1,1,0,1,1,1,1,1,1,0.960762191036113,"0","0","0","0","0","b536633af77dbbee7a00c5d823d7b90a77d9ed5d",1,1,0,0,0,0,0,0,0,1,0,0,"2014-06-13 15:37:37",1,0.36,"less_day",1
27502419,"spotify/helios",1,1,3,29,25,"faible","test+src",11,"Friday","1",6,"daily","PR",0,1,1,0,1,0,1,0,1,0,0.960762191036113,"0","0","0","0","0","b536633af77dbbee7a00c5d823d7b90a77d9ed5d",1,1,0,0,0,0,0,0,0,1,0,0,"2014-06-13 15:37:19",1,0.36,"less_day",1
27531184,"spotify/helios",1,1,1,19,46,"faible","src",17,"Friday","1",7,"daily","PUSH",0,1,1,0,0,1,0,1,0,1,0,"0","0","0","0","0","e59c682f288a7e0d4dc9056bedfd2eef99e53ef0",0,0,0,0,0,0,0,0,0,0,0,0,"2014-06-13 21:39:14",1,0.36,"less_day",1
27531187,"spotify/helios",1,1,1,19,46,"faible","src",17,"Friday","1",7,"daily","PR",0,1,1,0,0,0,0,0,0,0,0,"0","0","0","0","0","e59c682f288a7e0d4dc9056bedfd2eef99e53ef0",0,0,0,0,0,0,0,0,0,0,0,0,"2014-06-13 21:26:16",1,0.36,"less_day",1
27536555,"spotify/helios",1,1,1,3,3,"faible","other",18,"Friday","1",7,"daily","PUSH",0,1,1,0,0,NA,0,NA,0,NA,0,"","","","","","5a9a3ef2428c89edac96523b78b33ef68fcdda01",NA,NA,NA,NA,NA,NA,NA,NA,NA,NA,NA,NA,"2014-06-13 22:48:23",0,0.27,"week_ago",0
27536583,"spotify/helios",1,1,1,3,3,"faible","other",18,"Friday","1",7,"daily","PR",0,1,1,0,0,0,0,0,0,0,0,"","","","","","5a9a3ef2428c89edac96523b78b33ef68fcdda01",NA,NA,NA,NA,NA,NA,NA,NA,NA,NA,NA,NA,"2014-06-13 22:48:49",0,0.27,"week_ago",0
27537469,"spotify/helios",1,1,1,3,0,"faible","src",19,"Friday","1",7,"daily","PUSH",0,1,1,0,0,NA,0,NA,0,NA,0,"","","","","","5a0a31f695c432880807ae7a86db7954c08f9567",NA,NA,NA,NA,NA,NA,NA,NA,NA,NA,NA,NA,"2014-06-13 23:03:41",0,0.2,"week_ago",0
27537542,"spotify/helios",1,1,1,1,1,"faible","src",19,"Friday","1",7,"daily","PUSH",0,1,1,0,0,0,0,0,0,0,0,"","","","","","0b18554435e6589c2419a69c93ee759e9cd2ff6c",NA,NA,NA,NA,NA,NA,NA,NA,NA,NA,NA,NA,"2014-06-13 23:46:07",0,0.27,"week_ago",0
27537639,"spotify/helios",1,1,1,3,0,"faible","src",19,"Friday","1",7,"daily","PR",0,1,1,0,0,0,0,0,0,0,0,"","","","","","5a0a31f695c432880807ae7a86db7954c08f9567",NA,NA,NA,NA,NA,NA,NA,NA,NA,NA,NA,NA,"2014-06-13 23:07:26",0,0.2,"week_ago",0
27644910,"spotify/helios",1,1,1,3,3,"faible","other",20,"Sunday","1",9,"daily","MERGE",0,1,1,0,0,0,0,0,0,0,0,"","","","","","087764690b063bae099c607a466ebf828ba2ee3f",NA,NA,NA,NA,NA,NA,NA,NA,NA,NA,NA,NA,"2014-06-16 00:43:09",0,0.19,"",0
27647774,"spotify/helios",1,1,1,3,0,"faible","src",22,"Sunday","1",9,"daily","MERGE",0,1,1,0,0,0,0,0,0,0,0,"","","","","","77327a237c7089759896425ca3709160ba06c43f",NA,NA,NA,NA,NA,NA,NA,NA,NA,NA,NA,NA,"2014-06-16 02:26:12",0,0.18,"",0
27700662,"spotify/helios",1,1,3,33,114,"faible","src",13,"Monday","1",9,"daily","PUSH",0,1,1,0,0,0,0,0,0,0,0.851954213188653,"1","0","0","0","1","a5f961f7b6230085a457a5ff58090033f74562dc",1,1,0,0,0,0,0,0,0,1,0,0,"2014-06-16 17:21:08",0,0.38,"week_ago",1
27700669,"spotify/helios",1,1,3,33,114,"faible","src",13,"Monday","1",9,"daily","PR",0,1,1,0,1,0,1,0,1,0,0.851954213188653,"1","0","0","0","1","a5f961f7b6230085a457a5ff58090033f74562dc",1,1,0,0,0,0,0,0,0,1,0,0,"2014-06-16 17:20:38",0,0.38,"week_ago",1
27708054,"spotify/helios",2,10,6,35,137,"faible","test+src",14,"Monday","1",9,"daily","PUSH",0,1,1,0,1,0,1,0,1,0,0.314834225862823,"1","0","0","0","0","7778b457b954181dc25ce8937363b3ff6b56462b",1,0,0,0,0,0,0,0,0,1,0,0,"2014-06-16 18:56:41",1,0.33,"less_day",1
27708063,"spotify/helios",2,10,9,37,160,"faible","test+src",14,"Monday","1",9,"daily","PR",0,1,1,0,0,0,0,0,0,0,0.314834225862823,"1","0","0","0","0","7778b457b954181dc25ce8937363b3ff6b56462b",1,0,0,0,0,0,0,0,0,1,0,0,"2014-06-16 19:12:09",1,0.33,"less_day",1
27710375,"spotify/helios",1,1,11,74,430,"faible","src",15,"Monday","1",4,"daily","MERGE",0,1,1,0,0,0,0,0,0,0,0.839838487064607,"1","0","1","1","1","2ee5b3b51ff59f3cc01536966354401d2803febb",1,1,0,0,0,0,0,0,0,1,0,0,"2014-06-16 20:59:52",1,0.24,"less_day",1
27783185,"spotify/helios",1,1,1,1,1,"faible","other",11,"Tuesday","1",10,"daily","PUSH",0,1,1,0,0,NA,0,NA,0,NA,0,"","","","","","279856b3a70864debef6119c69a325e7d7d94ede",NA,NA,NA,NA,NA,NA,NA,NA,NA,NA,NA,NA,"2014-06-17 16:32:06",0,0.24,"less_day",0
27783344,"spotify/helios",1,1,1,1,1,"faible","other",11,"Tuesday","1",10,"daily","PR",0,1,1,0,0,0,0,0,0,0,0,"","","","","","279856b3a70864debef6119c69a325e7d7d94ede",NA,NA,NA,NA,NA,NA,NA,NA,NA,NA,NA,NA,"2014-06-17 15:25:54",0,0.24,"less_day",0
27792767,"spotify/helios",1,1,15,110,104,"moy","test+src",13,"Tuesday","1",10,"daily","PUSH",0,1,1,0,0,NA,0,NA,0,NA,0.718477665288284,"0","0","0","0","1","f53c083c37a76202d609efde0f6034e44581f1b6",1,1,0,0,0,1,0,0,0,1,0,0,"2014-06-17 17:12:04",0,0.19,"less_day",1
27792818,"spotify/helios",1,1,15,110,104,"moy","test+src",13,"Tuesday","1",10,"daily","PR",0,1,1,0,0,0,0,0,0,0,0.718477665288284,"0","0","0","0","1","f53c083c37a76202d609efde0f6034e44581f1b6",1,1,0,0,0,1,0,0,0,1,0,0,"2014-06-17 17:12:16",0,0.19,"less_day",1
27793378,"spotify/helios",1,1,12,35,35,"moy","test+src",13,"Tuesday","1",10,"daily","PUSH",0,1,1,0,0,NA,0,NA,0,NA,0.757830586569114,"1","0","0","0","1","42b38de68e1a7311b688cd7e11f441c02c16236e",1,1,0,0,0,0,0,0,0,1,0,0,"2014-06-17 20:21:59",0,0.19,"day_ago",1
27793381,"spotify/helios",1,1,12,35,35,"moy","test+src",13,"Tuesday","1",10,"daily","PR",0,1,1,0,0,0,0,0,0,0,0.757830586569114,"1","0","0","0","1","42b38de68e1a7311b688cd7e11f441c02c16236e",1,1,0,0,0,0,0,0,0,1,0,0,"2014-06-17 17:30:26",0,0.19,"less_day",1
27810316,"spotify/helios",1,1,21,146,140,"faible","src+other",16,"Tuesday","1",6,"daily","MERGE",0,1,1,0,1,0,0,0,1,0,0.733402330744094,"1","0","0","0","1","9cdf37ab3d2c75c38492eca51cf31eefdbda844b",1,1,0,0,0,1,0,0,0,1,0,0,"2014-06-17 21:04:51",0,0.21,"day_ago",1
27830438,"spotify/helios",2,10,42,1344,1039,"moy","test+src",23,"Tuesday","1",11,"daily","PUSH",0,1,1,0,1,1,1,1,1,1,0.446803511118391,"1","0","1","0","1","dcd3560933cb1e8d7f34e3ca82db4af572f37361",1,1,0,0,0,1,0,0,0,1,0,0,"2014-06-18 03:10:38",0,0.2,"day_ago",1
27830444,"spotify/helios",2,10,63,2542,1938,"moy","test+src",23,"Tuesday","1",11,"daily","PR",0,1,1,0,1,1,0,0,1,1,0.446803511118391,"1","0","1","0","1","dcd3560933cb1e8d7f34e3ca82db4af572f37361",1,1,0,0,0,1,0,0,0,1,0,0,"2014-06-18 03:19:05",0,0.2,"day_ago",1
27887334,"spotify/helios",2,10,69,2588,2228,"faible","test+src",13,"Wednesday","1",11,"daily","PUSH",0,1,1,0,0,1,0,1,0,1,0.220499187493556,"1","0","1","0","1","7525f93e557b4e362cf18c0006b38b9ba6a0162b",1,1,0,0,0,1,0,0,0,1,0,0,"2014-06-18 18:22:38",0,0.21,"day_ago",1
27887338,"spotify/helios",2,10,75,2634,2518,"faible","test+src",13,"Wednesday","1",11,"daily","PR",0,1,1,0,1,1,1,0,1,1,0.220499187493556,"1","0","1","0","1","7525f93e557b4e362cf18c0006b38b9ba6a0162b",1,1,0,0,0,1,0,0,0,1,0,0,"2014-06-18 17:57:31",0,0.21,"day_ago",1
27887375,"spotify/helios",2,10,88,2651,2844,"high","test+src",13,"Wednesday","1",11,"daily","PUSH",0,1,1,0,0,1,0,0,0,1,0.461759729263419,"0","0","0","0","1","296f02293e17353e25931af72616740b158ad32f",1,1,0,0,0,1,0,0,0,1,0,0,"2014-06-18 18:02:06",1,0.24,"less_day",1
27887378,"spotify/helios",2,10,101,2668,3170,"high","test+src",13,"Wednesday","1",11,"daily","PR",0,1,1,0,0,1,0,0,0,1,0.461759729263419,"0","0","0","0","1","296f02293e17353e25931af72616740b158ad32f",1,1,0,0,0,1,0,0,0,1,0,0,"2014-06-18 18:18:14",1,0.24,"less_day",1
27900572,"spotify/helios",3,10,113,2809,3521,"high","test+src+other",16,"Wednesday","1",11,"daily","PUSH",0,1,1,0,0,NA,0,NA,0,NA,0.365254190851423,"1","0","0","0","1","19320f0793ec05aae296c3c2c0ce2b27465cf762",1,0,0,0,0,0,0,0,0,1,0,0,"2014-06-18 20:39:44",0,0.17,"week_ago",1
27912011,"spotify/helios",1,1,2,10,22,"faible","src",19,"Wednesday","1",12,"daily","PUSH",0,1,1,0,0,1,0,0,0,1,0.896038232534557,"0","0","0","0","1","6f4a037534016af0850d4e5f742b033ee54ab4ee",0,1,0,0,0,0,0,0,0,1,0,0,"2014-06-19 18:26:27",0,0.19,"day_ago",1
27912014,"spotify/helios",1,1,2,10,22,"faible","src",19,"Wednesday","1",12,"daily","PR",0,1,1,0,1,1,1,0,1,1,0.896038232534557,"0","0","0","0","1","6f4a037534016af0850d4e5f742b033ee54ab4ee",0,1,0,0,0,0,0,0,0,1,0,0,"2014-06-19 17:02:03",0,0.19,"less_day",1
27979733,"spotify/helios",1,1,21,1199,1144,"faible","src",14,"Thursday","1",8,"daily","MERGE",0,1,1,0,0,1,0,0,0,1,0.896479760578496,"1","0","1","0","1","d84c27a7b4726aa8c85870e3de93f3cf2bd9367b",1,1,0,0,0,0,0,0,0,1,0,0,"2014-06-19 18:24:12",0,0.15,"week_ago",1
27987043,"spotify/helios",1,1,12,16,337,"faible","src",15,"Thursday","1",8,"daily","MERGE",0,1,1,0,1,0,0,0,1,0,0.728185252487856,"0","0","0","0","1","a6e6452704de4dff50f99585a77ed54b3b1238cc",1,1,0,0,0,0,0,0,0,1,0,0,"2014-06-19 19:55:06",0,0.17,"day_ago",1
27988137,"spotify/helios",1,1,11,74,284,"faible","src+other",16,"Thursday","1",8,"daily","MERGE",0,1,1,0,1,0,1,0,1,0,0.597510729520139,"1","0","0","0","1","145182239066fa34c1d512eab300135a9cb06d80",1,0,0,0,0,0,0,0,0,1,0,0,"2014-06-19 20:07:21",0,0.16,"day_ago",1
27994559,"spotify/helios",1,1,9,10,10,"moy","other",17,"Thursday","1",13,"daily","PUSH",0,1,1,0,0,1,0,1,0,1,0.984858661787547,"","","","","","eea776511da320abbb2dfda480cddae0d9c37a55",NA,NA,NA,NA,NA,NA,NA,NA,NA,NA,NA,NA,"2014-06-19 21:42:43",NA,0.2,"",0
27994562,"spotify/helios",1,1,9,10,10,"moy","other",17,"Thursday","1",13,"daily","PUSH",0,1,1,0,0,NA,0,NA,0,NA,0.984858661787547,"","","","","","86c6acd5c8236edae1801a4f120a0b922f119068",NA,NA,NA,NA,NA,NA,NA,NA,NA,NA,NA,NA,"2014-06-19 21:42:59",NA,0.19,"",0
27994564,"spotify/helios",1,1,9,10,10,"moy","other",17,"Thursday","1",13,"daily","PUSH",0,1,1,0,0,NA,0,NA,0,NA,0.984858661787547,"","","","","","86c6acd5c8236edae1801a4f120a0b922f119068",NA,NA,NA,NA,NA,NA,NA,NA,NA,NA,NA,NA,"2014-06-19 21:42:49",1,0.19,"less_day",0
28234254,"spotify/helios",1,1,8,10,12,"moy","test+src",11,"Monday","1",11,"daily","PUSH",0,1,1,0,0,1,0,0,0,1,0.92557493335404,"1","0","0","0","1","28a35b28e0b0aa6d8ae0f5a730988ce7e412239f",1,1,0,0,0,0,0,0,0,1,0,0,"2014-06-23 16:08:34",0,0,"",1
28234259,"spotify/helios",1,1,8,10,12,"moy","test+src",11,"Monday","1",11,"daily","PR",0,1,1,0,0,0,0,0,0,0,0.92557493335404,"1","0","0","0","1","28a35b28e0b0aa6d8ae0f5a730988ce7e412239f",1,1,0,0,0,0,0,0,0,1,0,0,"2014-06-23 15:36:38",0,0,"",1
28249559,"spotify/helios",1,1,1,1,1,"faible","src",14,"Monday","1",16,"daily","PUSH",0,1,1,0,0,0,0,0,0,0,0,"","","","","","26b5a22f10e1157cc29e944369a3b9083cd43541",NA,NA,NA,NA,NA,NA,NA,NA,NA,NA,NA,NA,"2014-06-23 21:34:36",0,0,"",0
28253401,"spotify/helios",1,1,8,10,12,"faible","src",15,"Monday","1",11,"daily","MERGE",0,1,1,0,1,0,0,0,1,0,0.92557493335404,"1","0","0","0","1","e2c08242c3647e8367f6e0014380a527b8dc53fa",1,1,0,0,0,0,0,0,0,1,0,0,"2014-06-23 20:29:32",0,0,"",1
28268789,"spotify/helios",1,1,6,545,12,"faible","test+src+other",18,"Monday","1",17,"daily","PUSH",0,1,1,0,0,NA,0,NA,0,NA,0.621604777960178,"0","0","0","0","0","cf2ffee83fd71732cd4051ad483e5e6777c628ec",1,0,0,0,0,0,0,0,0,0,0,0,"2014-06-24 02:37:08",0,0,"",1
28268806,"spotify/helios",1,1,6,545,12,"faible","test+src+other",18,"Monday","1",17,"daily","PR",0,1,1,0,0,1,0,0,0,1,0.621604777960178,"0","0","0","0","0","cf2ffee83fd71732cd4051ad483e5e6777c628ec",1,0,0,0,0,0,0,0,0,0,0,0,"2014-06-23 23:44:42",0,0,"",1
28270787,"spotify/helios",1,1,1,6,13,"faible","src",19,"Monday","1",17,"daily","PUSH",0,1,1,0,1,NA,1,NA,1,NA,0,"1","0","1","0","1","2295e8f4d8c6ac97fbb045c3b9850ceef1ba6c2f",1,0,0,0,0,0,0,0,0,1,0,0,"2014-06-23 23:46:58",0,0,"",1
28270998,"spotify/helios",1,1,1,1,1,"faible","src",19,"Monday","1",17,"daily","PUSH",0,1,1,0,0,NA,0,NA,0,NA,0,"0","0","0","0","0","fbca1432f88e2a024071ef5834d8899b87bcb63b",0,0,0,0,0,0,0,0,0,1,0,0,"2014-06-23 23:51:10",0,0,"",1
28271007,"spotify/helios",1,1,1,6,13,"faible","src",19,"Monday","1",17,"daily","PR",0,1,1,0,0,1,0,0,0,1,0,"1","0","1","0","1","2295e8f4d8c6ac97fbb045c3b9850ceef1ba6c2f",1,0,0,0,0,0,0,0,0,1,0,0,"2014-06-24 02:37:32",0,0,"",1
28271013,"spotify/helios",1,1,1,1,1,"faible","src",19,"Monday","1",17,"daily","PR",0,1,1,0,0,1,0,0,0,1,0,"0","0","0","0","0","fbca1432f88e2a024071ef5834d8899b87bcb63b",0,0,0,0,0,0,0,0,0,1,0,0,"2014-06-24 01:06:58",0,0,"",1
28271100,"spotify/helios",1,1,1,1,1,"faible","other",19,"Monday","1",17,"daily","PUSH",0,1,1,0,1,NA,0,NA,1,NA,0,"","","","","","2f0457143fa717e09c3860c15d423578b9713cd2",NA,NA,NA,NA,NA,NA,NA,NA,NA,NA,NA,NA,"2014-06-24 00:04:57",0,0,"",0
28271105,"spotify/helios",1,1,1,1,1,"faible","other",19,"Monday","1",17,"daily","PR",0,1,1,0,0,1,0,0,0,1,0,"","","","","","2f0457143fa717e09c3860c15d423578b9713cd2",NA,NA,NA,NA,NA,NA,NA,NA,NA,NA,NA,NA,"2014-06-24 00:07:25",0,0,"",0
28274184,"spotify/helios",1,1,1,1,1,"faible","other",20,"Monday","1",17,"daily","PUSH",0,1,1,0,1,NA,1,NA,1,NA,0,"","","","","","140f320d8d7beecba6d839c7e9b64c68aeab65d0",NA,NA,NA,NA,NA,NA,NA,NA,NA,NA,NA,NA,"2014-06-24 00:54:54",0,0,"",0
28323026,"spotify/helios",1,1,1,1,1,"faible","other",11,"Tuesday","1",0,"other","MERGE",0,1,1,0,0,1,0,0,0,1,0,"","","","","","01ac06ce8385aefaa4a0277c34d0d3835b9d1d4d",NA,NA,NA,NA,NA,NA,NA,NA,NA,NA,NA,NA,"2014-06-24 17:07:11",0,0,"",0
28323131,"spotify/helios",1,1,6,545,12,"faible","src+other",11,"Tuesday","1",0,"other","MERGE",0,1,1,0,0,1,0,0,0,1,0.621604777960178,"0","0","0","0","0","cacc0d3955a92a90c87034010c8386c5f473aeab",1,0,0,0,0,0,0,0,0,0,0,0,"2014-06-24 15:10:53",0,0,"",1
28323229,"spotify/helios",1,1,1,6,13,"faible","src",11,"Tuesday","1",0,"other","MERGE",0,1,1,0,0,1,0,0,0,1,0,"1","0","1","0","1","512d0790becc2b12e4aae4d5b873fc7c77d72171",1,0,0,0,0,0,0,0,0,1,0,0,"2014-06-24 15:12:07",1,0.11,"less_day",1
28323305,"spotify/helios",1,1,1,1,1,"faible","src",11,"Tuesday","1",0,"other","MERGE",0,1,1,0,0,1,0,0,0,1,0,"0","0","0","0","0","981794370b86605047d2821c2b86f147b587a767",0,0,0,0,0,0,0,0,0,1,0,0,"2014-06-24 15:31:42",0,0.09,"less_day",1
28323475,"spotify/helios",1,1,1,1,1,"faible","other",11,"Tuesday","1",0,"other","MERGE",0,1,1,0,0,1,0,0,0,1,0,"","","","","","fc6e78f24204d3aeff37bb299ff1efa932273404",NA,NA,NA,NA,NA,NA,NA,NA,NA,NA,NA,NA,"2014-06-24 15:33:21",1,0.15,"less_day",0
28333306,"spotify/helios",1,1,1,0,2,"faible","other",12,"Tuesday","1",17,"daily","PUSH",0,1,1,0,0,NA,0,NA,0,NA,0,"","","","","","63dc702584eb271e6af22284d014a342a29df5aa",NA,NA,NA,NA,NA,NA,NA,NA,NA,NA,NA,NA,"2014-06-24 17:06:49",0,0.14,"less_day",0
28333359,"spotify/helios",1,1,1,0,2,"faible","other",12,"Tuesday","1",17,"daily","PR",0,1,1,0,0,0,0,0,0,0,0,"","","","","","63dc702584eb271e6af22284d014a342a29df5aa",NA,NA,NA,NA,NA,NA,NA,NA,NA,NA,NA,NA,"2014-06-24 17:07:09",0,0.14,"less_day",0
28340146,"spotify/helios",1,1,1,0,2,"faible","other",14,"Tuesday","1",0,"other","MERGE",0,1,1,0,0,0,0,0,0,0,0,"","","","","","d09294ad56aea696b60b3da098d6b85ed83d4d96",NA,NA,NA,NA,NA,NA,NA,NA,NA,NA,NA,NA,"2014-06-24 18:25:47",0,0.13,"less_day",0
28374125,"spotify/helios",1,1,2,5,7,"faible","src",23,"Tuesday","1",18,"daily","PUSH",0,1,1,0,0,NA,0,NA,0,NA,0.91829583405449,"1","0","0","1","0","3cbb5d97be3242637edf780c26d9bc4313e84729",0,0,0,0,0,0,0,0,0,1,0,0,"2014-06-25 03:25:41",0,0.12,"day_ago",1
28374157,"spotify/helios",1,1,2,5,7,"faible","src",23,"Tuesday","1",18,"daily","PR",0,1,1,0,0,0,0,0,0,0,0.91829583405449,"1","0","0","1","0","3cbb5d97be3242637edf780c26d9bc4313e84729",0,0,0,0,0,0,0,0,0,1,0,0,"2014-06-25 03:25:56",0,0.12,"day_ago",1
28404408,"spotify/helios",1,1,2,5,7,"faible","src",8,"Wednesday","1",13,"daily","MERGE",0,1,1,0,1,0,0,0,1,0,0.91829583405449,"1","0","0","1","0","75d28e2d7c05ce7419e37ec9b00c7ae00210369e",0,0,0,0,0,0,0,0,0,1,0,0,"2014-06-25 12:52:41",0,0.12,"day_ago",1
28430008,"spotify/helios",1,1,9,10,10,"moy","other",13,"Wednesday","1",18,"daily","PUSH",0,1,1,0,0,1,0,0,0,1,0.984858661787547,"","","","","","f6237208ccec5afd6c1dbec159dfd4204b6e27f2",NA,NA,NA,NA,NA,NA,NA,NA,NA,NA,NA,NA,"2014-06-25 17:42:01",0,0.11,"day_ago",0
28430011,"spotify/helios",1,1,9,10,10,"moy","other",13,"Wednesday","1",18,"daily","PUSH",0,1,1,0,0,NA,0,NA,0,NA,0.984858661787547,"","","","","","32ceb49f5d8397984ec450f82bed27ce2db03554",NA,NA,NA,NA,NA,NA,NA,NA,NA,NA,NA,NA,"2014-06-25 17:41:07",0,0.11,"day_ago",0
28430014,"spotify/helios",1,1,9,10,10,"moy","other",13,"Wednesday","1",18,"daily","PUSH",0,1,1,0,0,0,0,0,0,0,0.984858661787547,"","","","","","32ceb49f5d8397984ec450f82bed27ce2db03554",NA,NA,NA,NA,NA,NA,NA,NA,NA,NA,NA,NA,"2014-06-25 18:54:33",NA,0.14,"",0
28433782,"spotify/helios",1,1,1,1,1,"faible","src",14,"Wednesday","1",18,"daily","PUSH",0,1,1,0,0,NA,0,NA,0,NA,0,"0","0","0","0","0","6acf15829a56020778a08c59298ae2b94250fb92",0,0,0,0,0,0,0,0,0,1,0,0,"2014-06-25 18:27:59",0,0.1,"day_ago",1
28433791,"spotify/helios",1,1,1,1,1,"faible","src",14,"Wednesday","1",18,"daily","PR",0,1,1,0,0,0,0,0,0,0,0,"0","0","0","0","0","6acf15829a56020778a08c59298ae2b94250fb92",0,0,0,0,0,0,0,0,0,1,0,0,"2014-06-25 20:58:13",0,0.1,"day_ago",1
28434268,"spotify/helios",1,1,2,0,4,"faible","other",14,"Wednesday","1",18,"daily","PUSH",0,1,1,0,0,NA,0,NA,0,NA,1,"","","","","","368e1db8e3b3137554817d91a027838e7607a7d3",NA,NA,NA,NA,NA,NA,NA,NA,NA,NA,NA,NA,"2014-06-25 19:27:31",0,0.1,"day_ago",0
28434302,"spotify/helios",1,1,2,0,4,"faible","other",14,"Wednesday","1",18,"daily","PR",0,1,1,0,0,0,0,0,0,0,1,"","","","","","368e1db8e3b3137554817d91a027838e7607a7d3",NA,NA,NA,NA,NA,NA,NA,NA,NA,NA,NA,NA,"2014-06-25 18:56:14",0,0.1,"day_ago",0
28436100,"spotify/helios",1,1,1,6,16,"faible","src",14,"Wednesday","1",18,"daily","PUSH",0,1,1,0,1,NA,1,NA,1,NA,0,"0","0","0","0","0","393492b65fa8c1ee7041e454b3c7bea0aa021db4",1,1,0,0,0,0,0,0,0,1,0,0,"2014-06-25 19:53:30",0,0.1,"day_ago",1
28440193,"spotify/helios",1,1,1,6,16,"faible","src",15,"Wednesday","1",13,"daily","MERGE",0,1,1,0,0,0,0,0,0,0,0,"0","0","0","0","0","505dfcb0919d9b1cab225f544022b23cc30e09b6",1,1,0,0,0,0,0,0,0,1,0,0,"2014-06-25 19:44:00",1,0.14,"less_day",1
28450975,"spotify/helios",1,1,1,1,1,"faible","src",17,"Wednesday","1",14,"daily","MERGE",0,1,1,0,1,0,1,0,1,0,0,"0","0","0","0","0","f87f0d71d7d3422ce7300ae268c9068cb1ae3519",0,0,0,0,0,0,0,0,0,1,0,0,"2014-06-25 21:52:18",0,0.14,"less_day",1
28451032,"spotify/helios",1,1,1,19,40,"faible","src",17,"Wednesday","1",19,"daily","PUSH",0,1,1,0,1,NA,0,NA,1,NA,0,"0","0","0","0","0","380ec365b9cca24ec2f90d1b1590bdf8af0a43e2",0,0,0,0,0,0,0,0,0,1,0,0,"2014-06-25 22:11:40",0,0.1,"day_ago",1
28451060,"spotify/helios",1,1,1,1,0,"faible","test+src",17,"Wednesday","1",19,"daily","PUSH",0,1,1,0,0,NA,0,NA,0,NA,0,"0","0","0","0","0","35d832cf7b30b9b7ef28e38334d6c9a713477adc",1,0,0,0,0,0,0,0,0,1,0,0,"2014-06-25 23:36:20",0,0.1,"day_ago",1
28451078,"spotify/helios",1,1,1,1,0,"faible","test+src",17,"Wednesday","1",19,"daily","PR",0,1,1,0,0,0,0,0,0,0,0,"0","0","0","0","0","35d832cf7b30b9b7ef28e38334d6c9a713477adc",1,0,0,0,0,0,0,0,0,1,0,0,"2014-06-25 23:50:15",0,0.1,"day_ago",1
28451096,"spotify/helios",1,1,1,19,40,"faible","src",17,"Wednesday","1",19,"daily","PR",0,1,1,0,0,0,0,0,0,0,0,"0","0","0","0","0","380ec365b9cca24ec2f90d1b1590bdf8af0a43e2",0,0,0,0,0,0,0,0,0,1,0,0,"2014-06-25 23:42:54",0,0.1,"day_ago",1
28452299,"spotify/helios",1,1,9,10,10,"moy","other",17,"Wednesday","1",19,"daily","PUSH",0,1,1,0,0,1,0,1,0,1,0.984858661787547,"","","","","","ec3000abc6a6050394098067c2ead1e33f84d217",NA,NA,NA,NA,NA,NA,NA,NA,NA,NA,NA,NA,"2014-06-25 22:33:53",NA,0.18,"",0
28452301,"spotify/helios",1,1,9,10,10,"moy","other",17,"Wednesday","1",19,"daily","PUSH",0,1,1,0,0,0,0,0,0,0,0.984858661787547,"","","","","","91e37ba066fa9e592f0b042cbd7472b680e23947",NA,NA,NA,NA,NA,NA,NA,NA,NA,NA,NA,NA,"2014-06-25 22:46:23",1,0.2,"less_day",0
28452305,"spotify/helios",1,1,9,10,10,"moy","other",17,"Wednesday","1",19,"daily","PUSH",0,1,1,0,0,NA,0,NA,0,NA,0.984858661787547,"","","","","","91e37ba066fa9e592f0b042cbd7472b680e23947",NA,NA,NA,NA,NA,NA,NA,NA,NA,NA,NA,NA,"2014-06-26 01:34:01",1,0.2,"less_day",0
28453406,"spotify/helios",1,1,2,0,4,"faible","other",18,"Wednesday","1",14,"daily","MERGE",0,1,1,0,0,1,0,1,0,1,1,"","","","","","fada2d38716591084b71da4f69709a1f97b4ffab",NA,NA,NA,NA,NA,NA,NA,NA,NA,NA,NA,NA,"2014-06-25 23:00:24",0,0.16,"less_day",0
28457311,"spotify/helios",1,1,2,4,66,"faible","test+src",19,"Wednesday","1",19,"daily","PUSH",0,1,1,0,0,NA,0,NA,0,NA,0.591672778582327,"0","0","0","0","0","f7168ffb4b7c77b75798901aaa0ab72b611dd81e",1,0,0,0,0,0,0,0,0,1,0,0,"2014-06-25 23:30:03",0,0.17,"less_day",1
28457751,"spotify/helios",1,1,2,4,66,"faible","test+src",19,"Wednesday","1",19,"daily","PR",0,1,1,0,0,0,0,0,0,0,0.591672778582327,"0","0","0","0","0","f7168ffb4b7c77b75798901aaa0ab72b611dd81e",1,0,0,0,0,0,0,0,0,1,0,0,"2014-06-26 02:38:07",0,0.17,"less_day",1
28499442,"spotify/helios",1,1,2,4,66,"faible","src",9,"Thursday","1",14,"daily","MERGE",0,1,1,0,1,0,1,0,1,0,0.591672778582327,"0","0","0","0","0","6f82a8fe576e91f932545777864464da5a4bb198",1,0,0,0,0,0,0,0,0,1,0,0,"2014-06-26 13:26:26",0,0.17,"less_day",1
28499544,"spotify/helios",1,1,1,19,40,"faible","src",9,"Thursday","1",14,"daily","MERGE",0,1,1,0,1,0,1,0,1,0,0,"0","0","0","0","0","84f2d6c37be5303a75e6d2565e4a0ad8746ea62a",0,0,0,0,0,0,0,0,0,1,0,0,"2014-06-26 13:27:18",1,0.17,"less_day",1
28499566,"spotify/helios",1,1,1,1,0,"faible","src",9,"Thursday","1",14,"daily","MERGE",0,1,1,0,1,0,0,0,1,0,0,"0","0","0","0","0","e65ce4eb4bb7c60120cdaacde7d2e20de1922f05",1,0,0,0,0,0,0,0,0,1,0,0,"2014-06-26 13:27:46",1,0.19,"less_day",1
28546640,"spotify/helios",14,10,21,187,312,"moy","test+src+other",18,"Thursday","1",20,"daily","PR",0,0,1,0,1,1,1,0,1,1,0.0805842105307245,"1","0","0","0","1","6d437730a98e248ae7838699c717367f05072280",1,1,0,0,0,0,0,0,0,1,0,0,"2014-06-26 22:45:24",0,0.21,"less_day",1
28546651,"spotify/helios",14,10,41,373,624,"moy","test+src+other",18,"Thursday","1",20,"daily","PUSH",0,0,1,0,0,0,0,0,0,0,0.0805842105307245,"1","0","0","0","1","6d437730a98e248ae7838699c717367f05072280",1,1,0,0,0,0,0,0,0,1,0,0,"2014-06-26 22:46:38",0,0.21,"less_day",1
28550726,"spotify/helios",7,10,50,396,669,"faible","test+src+other",20,"Thursday","1",20,"daily","PUSH",0,0,1,0,0,0,0,0,0,0,0.0830790831080464,"0","0","0","0","0","143a079c71533bc8b7240c4cca649c2f42388e58",1,0,0,0,0,0,0,0,0,1,0,0,"2014-06-27 00:13:30",0,0.19,"less_day",1
28550728,"spotify/helios",7,10,59,419,714,"faible","test+src+other",20,"Thursday","1",20,"daily","PR",0,0,1,0,0,1,0,0,0,1,0.0830790831080464,"0","0","0","0","0","143a079c71533bc8b7240c4cca649c2f42388e58",1,0,0,0,0,0,0,0,0,1,0,0,"2014-06-27 00:15:48",0,0.19,"less_day",1
28551439,"spotify/helios",1,1,2,2,6,"faible","src",20,"Thursday","1",20,"daily","PUSH",0,0,1,0,0,1,0,1,0,NA,1,"0","0","0","0","0","69e0288aa0746f738965d8c809f01ffa5b0600e0",1,1,0,0,0,0,0,0,0,1,0,0,"2014-06-27 00:24:19",0,0.21,"less_day",1
28551443,"spotify/helios",1,1,2,2,6,"faible","src",20,"Thursday","1",20,"daily","PR",0,0,1,0,0,1,0,0,0,1,1,"0","0","0","0","0","69e0288aa0746f738965d8c809f01ffa5b0600e0",1,1,0,0,0,0,0,0,0,1,0,0,"2014-06-27 00:25:36",0,0.21,"less_day",1
28614189,"spotify/helios",1,1,20,210,362,"faible","src+other",14,"Friday","1",20,"daily","MERGE",0,0,1,0,0,1,0,0,0,1,0.725388653555315,"1","0","0","0","1","11024cbac6251bc007e5f61a7967b1ad08fb11c0",1,1,0,0,0,0,0,0,0,1,0,0,"2014-06-27 18:22:20",0,0.19,"day_ago",1
28617736,"spotify/helios",1,1,4,9,9,"faible","src",15,"Friday","1",20,"daily","PUSH",0,0,1,0,1,1,1,0,1,1,0.876357639489852,"0","0","0","0","0","baea89dd5d5e8be7a19c64e849258744873e1a94",0,0,0,0,0,0,0,0,0,0,0,0,"2014-06-27 19:09:47",0,0.17,"day_ago",1
28617738,"spotify/helios",1,1,4,9,9,"faible","src",15,"Friday","1",20,"daily","PR",0,0,1,0,0,0,0,0,0,0,0.876357639489852,"0","0","0","0","0","baea89dd5d5e8be7a19c64e849258744873e1a94",0,0,0,0,0,0,0,0,0,0,0,0,"2014-06-27 19:08:52",0,0.17,"day_ago",1
28617916,"spotify/helios",1,1,4,7,48,"faible","src",15,"Friday","1",20,"daily","PUSH",0,0,1,0,0,1,0,0,0,1,0.915457362157514,"0","0","0","0","0","d9177f3805e848f521bef30141dd1748d856b92b",0,0,0,0,0,0,0,0,0,1,0,0,"2014-06-27 19:11:28",0,0.17,"day_ago",1
28617918,"spotify/helios",1,1,4,7,48,"faible","src",15,"Friday","1",20,"daily","PR",0,0,1,0,0,0,0,0,0,0,0.915457362157514,"0","0","0","0","0","d9177f3805e848f521bef30141dd1748d856b92b",0,0,0,0,0,0,0,0,0,1,0,0,"2014-06-27 19:11:25",0,0.17,"day_ago",1
28618334,"spotify/helios",1,1,3,3,3,"faible","other",15,"Friday","1",20,"daily","PUSH",0,0,1,0,0,NA,0,NA,0,NA,1,"","","","","","10cb86b30b661bcdb150b2167d1cfd24e64226f5",NA,NA,NA,NA,NA,NA,NA,NA,NA,NA,NA,NA,"2014-06-27 20:12:10",0,0.17,"day_ago",0
28618374,"spotify/helios",1,1,3,3,3,"faible","other",15,"Friday","1",20,"daily","PR",0,0,1,0,1,0,1,0,1,0,1,"","","","","","10cb86b30b661bcdb150b2167d1cfd24e64226f5",NA,NA,NA,NA,NA,NA,NA,NA,NA,NA,NA,NA,"2014-06-27 19:33:43",0,0.17,"day_ago",0
28620195,"spotify/helios",1,1,4,7,48,"faible","src",15,"Friday","1",20,"daily","MERGE",0,0,1,0,1,0,0,0,1,0,0.915457362157514,"0","0","0","0","0","454e73250efd0f0ee66e2afc4866aa880e63c48a",0,0,0,0,0,0,0,0,0,1,0,0,"2014-06-27 19:41:25",0,0.17,"day_ago",1
28620219,"spotify/helios",1,1,4,9,9,"faible","src",15,"Friday","1",20,"daily","MERGE",0,0,1,0,0,0,0,0,0,0,0.876357639489852,"0","0","0","0","0","2b1578164a3be56a629b964dfb4948ef8fa1dcf1",0,0,0,0,0,0,0,0,0,0,0,0,"2014-06-27 19:41:37",1,0.21,"less_day",1
28621832,"spotify/helios",1,1,1,2,1,"faible","other",16,"Friday","1",20,"daily","PUSH",0,0,1,0,0,0,0,0,0,0,0,"","","","","","4b811f2e37235bdf6f09a50557557d9bf8648f9b",NA,NA,NA,NA,NA,NA,NA,NA,NA,NA,NA,NA,"2014-06-27 20:33:03",0,0.15,"less_day",0
28621854,"spotify/helios",1,1,1,2,1,"faible","other",16,"Friday","1",20,"daily","PR",0,0,1,0,1,1,0,0,1,1,0,"","","","","","4b811f2e37235bdf6f09a50557557d9bf8648f9b",NA,NA,NA,NA,NA,NA,NA,NA,NA,NA,NA,NA,"2014-06-27 21:10:31",0,0.15,"less_day",0
28629368,"spotify/helios",1,1,1,2,1,"faible","other",17,"Friday","1",21,"daily","MERGE",0,0,1,0,1,0,0,0,1,0,0,"","","","","","018384405edafc2b7c526ee222dc2d8e724b1e41",NA,NA,NA,NA,NA,NA,NA,NA,NA,NA,NA,NA,"2014-06-27 21:48:09",0,0.14,"less_day",0
28641644,"spotify/helios",1,1,3,3,3,"faible","other",22,"Friday","1",21,"daily","MERGE",0,0,1,0,1,1,1,0,1,1,1,"","","","","","e390d430d523a74b13f3f78897a809aac7a179c9",NA,NA,NA,NA,NA,NA,NA,NA,NA,NA,NA,NA,"2014-06-28 03:08:29",0,0.18,"less_day",0
28642193,"spotify/helios",1,1,1,0,48,"faible","other",22,"Friday","1",21,"daily","PUSH",0,0,1,0,0,0,0,0,0,0,0,"","","","","","c7c76d3f537084d7616ad60ba6e72d04b14ac90f",NA,NA,NA,NA,NA,NA,NA,NA,NA,NA,NA,NA,"2014-06-28 02:38:09",0,0.17,"day_ago",0
28642197,"spotify/helios",1,1,1,0,48,"faible","other",22,"Friday","1",21,"daily","PR",0,0,1,0,0,1,0,0,0,1,0,"","","","","","c7c76d3f537084d7616ad60ba6e72d04b14ac90f",NA,NA,NA,NA,NA,NA,NA,NA,NA,NA,NA,NA,"2014-06-28 02:38:21",0,0.17,"day_ago",0
28785776,"spotify/helios",1,1,1,0,48,"faible","other",11,"Monday","1",23,"daily","MERGE",0,0,1,0,1,1,0,1,1,1,0,"","","","","","f4c91769498306dbcd96581c156fff72b241952c",NA,NA,NA,NA,NA,NA,NA,NA,NA,NA,NA,NA,"2014-06-30 15:09:14",1,0.2,"week_ago",0
28816927,"spotify/helios",1,1,1,1,10,"faible","src",17,"Monday","1",24,"daily","PUSH",0,0,1,0,0,NA,0,NA,0,NA,0,"1","0","0","0","1","ba6159df48bb2a9cc7e630126e29d0b213dc893a",0,0,0,0,0,0,0,0,0,1,0,0,"2014-07-01 20:54:22",0,0.15,"week_ago",1
28818801,"spotify/helios",1,1,1,0,48,"faible","other",11,"Monday","1",23,"daily","MERGE",0,0,1,0,0,NA,0,NA,0,NA,0,"","","","","","f4c91769498306dbcd96581c156fff72b241952c",NA,NA,NA,NA,NA,NA,NA,NA,NA,NA,NA,NA,"2014-06-30 21:49:16",1,0.2,"week_ago",0
28819795,"spotify/helios",1,1,1,8,10,"faible","src",17,"Monday","1",24,"daily","PUSH",0,0,1,0,0,NA,0,NA,0,NA,0,"","","","","","a12d6b00fff547dbd91ade463535d233a2677db4",NA,NA,NA,NA,NA,NA,NA,NA,NA,NA,NA,NA,"2014-06-30 22:00:22",0,0.15,"week_ago",0
28819849,"spotify/helios",1,1,1,8,10,"faible","src",17,"Monday","1",24,"daily","PR",0,0,1,0,1,1,0,0,1,1,0,"","","","","","a12d6b00fff547dbd91ade463535d233a2677db4",NA,NA,NA,NA,NA,NA,NA,NA,NA,NA,NA,NA,"2014-06-30 22:01:56",0,0.15,"week_ago",0
28819922,"spotify/helios",1,1,1,8,10,"faible","src",18,"Monday","1",24,"daily","MERGE",0,0,1,0,0,1,0,0,0,1,0,"","","","","","1e3eb18d44ce0b2cdd7f0c9baf04d02221870eaf",NA,NA,NA,NA,NA,NA,NA,NA,NA,NA,NA,NA,"2014-06-30 22:03:38",0,0.14,"week_ago",0
28895768,"spotify/helios",1,1,1,6,1,"faible","src",14,"Tuesday","1",24,"daily","PUSH",0,0,1,0,1,NA,0,NA,1,NA,0,"","","","","","316d972ec0dcbdca49b8c587179750b8ceb53b84",NA,NA,NA,NA,NA,NA,NA,NA,NA,NA,NA,NA,"2014-07-01 18:49:21",0,0.16,"week_ago",0
28895798,"spotify/helios",1,1,1,6,1,"faible","src",14,"Tuesday","1",24,"daily","PR",0,0,1,0,0,0,0,0,0,0,0,"","","","","","316d972ec0dcbdca49b8c587179750b8ceb53b84",NA,NA,NA,NA,NA,NA,NA,NA,NA,NA,NA,NA,"2014-07-01 18:17:12",0,0.16,"week_ago",0
28901426,"spotify/helios",1,1,1,6,1,"faible","src",15,"Tuesday","1",24,"daily","MERGE",0,0,1,0,0,0,0,0,0,0,0,"","","","","","17892c41a98dd42d8618a54efd7f9d70e170cb70",NA,NA,NA,NA,NA,NA,NA,NA,NA,NA,NA,NA,"2014-07-01 19:26:23",0,0.15,"week_ago",0
28901616,"spotify/helios",3,10,15,33,455,"high","test+src",15,"Tuesday","1",24,"daily","PUSH",0,0,1,0,0,1,0,1,0,NA,0.372896223238656,"1","0","1","1","1","544e8c0bbbb27c2f68390754fd49524bf1671797",1,1,0,0,0,0,0,0,0,1,0,0,"2014-07-01 20:01:59",0,0.16,"week_ago",1
28901618,"spotify/helios",3,10,29,60,909,"high","test+src",15,"Tuesday","1",24,"daily","PR",0,0,1,0,0,0,0,0,0,0,0.372896223238656,"1","0","1","1","1","544e8c0bbbb27c2f68390754fd49524bf1671797",1,1,0,0,0,0,0,0,0,1,0,0,"2014-07-01 19:33:57",0,0.16,"week_ago",1
28907592,"spotify/helios",1,1,12,26,453,"faible","src",16,"Tuesday","1",24,"daily","MERGE",0,0,1,0,1,0,1,0,1,0,0.751935170777569,"1","0","1","1","1","5ef338aa361be96c8587eced63a5b8a0d8896826",1,1,0,0,0,0,0,0,0,1,0,0,"2014-07-01 20:47:34",0,0.12,"week_ago",1
28917024,"spotify/helios",2,10,14,38,465,"faible","src",18,"Tuesday","1",25,"daily","PUSH",0,0,1,0,0,NA,0,NA,0,NA,0,"","","","","","b43d4926619b9d3dc3990a8873aacf64cef5fd8f",NA,NA,NA,NA,NA,NA,NA,NA,NA,NA,NA,NA,"2014-07-01 23:01:13",1,0.17,"less_day",0
28917121,"spotify/helios",2,10,16,50,477,"faible","src",18,"Tuesday","1",25,"daily","PR",0,0,1,0,0,1,0,1,0,1,0,"","","","","","b43d4926619b9d3dc3990a8873aacf64cef5fd8f",NA,NA,NA,NA,NA,NA,NA,NA,NA,NA,NA,NA,"2014-07-01 23:03:38",1,0.17,"less_day",0
28919066,"spotify/helios",1,1,1,1,10,"faible","src",17,"Monday","1",24,"daily","PR",0,0,1,0,0,1,0,1,0,1,0,"1","0","0","0","1","ba6159df48bb2a9cc7e630126e29d0b213dc893a",0,0,0,0,0,0,0,0,0,1,0,0,"2014-07-01 23:42:50",0,0.15,"week_ago",1
28967979,"spotify/helios",1,1,13,13,224,"moy","test+src",10,"Wednesday","1",20,"daily","PUSH",0,0,1,0,1,0,0,0,1,0,0.811255660872787,"1","0","1","1","1","507006512e71c6461ea3b1f94508775b102ef7f5",1,1,0,0,0,0,0,0,0,1,0,0,"2014-07-02 14:30:17",1,0.17,"less_day",1
28967986,"spotify/helios",1,1,13,13,224,"moy","test+src",10,"Wednesday","1",20,"daily","PR",0,0,1,0,0,1,0,1,0,1,0.811255660872787,"1","0","1","1","1","507006512e71c6461ea3b1f94508775b102ef7f5",1,1,0,0,0,0,0,0,0,1,0,0,"2014-07-02 17:13:42",1,0.17,"less_day",1
28968684,"spotify/helios",1,1,1,12,12,"faible","src",10,"Wednesday","1",25,"daily","MERGE",0,0,1,0,1,1,0,1,1,1,0,"","","","","","01bc3c3df52f8c4a596b7053da1d99f18df818ea",NA,NA,NA,NA,NA,NA,NA,NA,NA,NA,NA,NA,"2014-07-02 15:04:26",1,0.16,"less_day",0
28971434,"spotify/helios",1,1,1,0,22,"faible","src",10,"Wednesday","1",20,"daily","PUSH",0,0,1,0,0,1,0,0,0,1,0,"","","","","","0a575f734e96f4e948bed015503f07663e19a530",NA,NA,NA,NA,NA,NA,NA,NA,NA,NA,NA,NA,"2014-07-02 18:45:15",0,0.17,"less_day",0
28971438,"spotify/helios",1,1,1,0,22,"faible","src",10,"Wednesday","1",20,"daily","PR",0,0,1,0,1,1,1,1,1,1,0,"","","","","","0a575f734e96f4e948bed015503f07663e19a530",NA,NA,NA,NA,NA,NA,NA,NA,NA,NA,NA,NA,"2014-07-02 14:59:51",0,0.17,"less_day",0
28971536,"spotify/helios",1,1,1,11,11,"faible","src",10,"Wednesday","1",25,"daily","PUSH",0,0,1,0,0,0,0,0,0,0,0,"1","0","0","0","1","0b5d0921804f63be2fe803a2c48e09a446bf9493",1,1,0,0,0,0,0,0,0,1,0,0,"2014-07-02 15:02:54",1,0.17,"less_day",1
28971554,"spotify/helios",1,1,1,11,11,"faible","src",10,"Wednesday","1",25,"daily","PR",0,0,1,0,0,1,0,1,0,1,0,"1","0","0","0","1","0b5d0921804f63be2fe803a2c48e09a446bf9493",1,1,0,0,0,0,0,0,0,1,0,0,"2014-07-02 15:02:55",1,0.17,"less_day",1
28978321,"spotify/helios",1,1,1,11,11,"faible","src",12,"Wednesday","1",25,"daily","MERGE",0,0,1,0,1,1,0,0,1,1,0,"0","0","0","0","0","d352be29ac5126466c3465eb81dae8c02b0a8455",1,1,0,0,0,0,0,0,0,1,0,0,"2014-07-02 16:08:32",0,0.17,"less_day",1
28993638,"spotify/helios",1,1,13,13,224,"faible","src",15,"Wednesday","1",20,"daily","MERGE",0,0,1,0,1,1,0,0,1,1,0.811255660872787,"1","0","1","1","1","5634396873e94342b2cd4dca41080358e1ea4966",1,1,0,0,0,0,0,0,0,1,0,0,"2014-07-02 19:03:45",0,0.16,"less_day",1
28996286,"spotify/helios",1,1,1,0,8,"faible","src",15,"Wednesday","1",20,"daily","PUSH",0,0,1,0,0,1,0,0,0,1,0,"1","0","0","0","0","0679e7fe47cfd99be98a2f84d6e023014b726ee4",0,0,0,0,0,0,0,0,0,0,0,0,"2014-07-02 19:36:00",0,0.14,"less_day",1
28996470,"spotify/helios",1,1,13,13,224,"faible","src",15,"Wednesday","1",20,"daily","MERGE",0,0,1,0,1,1,0,0,1,1,0.811255660872787,"1","0","1","1","1","5634396873e94342b2cd4dca41080358e1ea4966",1,1,0,0,0,0,0,0,0,1,0,0,"2014-07-02 19:40:02",0,0.16,"less_day",1
28996555,"spotify/helios",1,1,1,0,8,"faible","src",15,"Wednesday","1",20,"daily","PUSH",0,0,1,0,1,NA,1,NA,1,NA,0,"1","0","0","0","0","0679e7fe47cfd99be98a2f84d6e023014b726ee4",0,0,0,0,0,0,0,0,0,0,0,0,"2014-07-02 19:40:06",0,0.14,"less_day",1
28996655,"spotify/helios",1,1,1,0,8,"faible","src",15,"Wednesday","1",20,"daily","PR",0,0,1,0,0,1,0,0,0,1,0,"1","0","0","0","0","0679e7fe47cfd99be98a2f84d6e023014b726ee4",0,0,0,0,0,0,0,0,0,0,0,0,"2014-07-03 20:58:41",0,0.14,"week_ago",1
28996904,"spotify/helios",1,1,1,0,22,"faible","src",15,"Wednesday","1",20,"daily","MERGE",0,0,1,0,0,1,0,0,0,1,0,"","","","","","080df81a21a339b5e1e595dfe2beb6315e3e9804",NA,NA,NA,NA,NA,NA,NA,NA,NA,NA,NA,NA,"2014-07-02 19:44:06",0,0.14,"less_day",0
29085792,"spotify/helios",1,1,2,1,4,"faible","src",14,"Thursday","1",26,"daily","PUSH",0,0,1,0,0,1,0,0,0,1,0.970950594454669,"1","0","0","0","1","1083bd886b29d02dbb48d54a9eeb06d7ab8c99bf",1,1,0,0,0,0,0,0,0,1,0,0,"2014-07-03 19:24:02",0,0.08,"day_ago",1
29085796,"spotify/helios",1,1,2,1,4,"faible","src",14,"Thursday","1",26,"daily","PR",0,0,1,0,1,0,0,0,1,0,0.970950594454669,"0","0","0","0","0","1083bd886b29d02dbb48d54a9eeb06d7ab8c99bf",1,1,0,0,0,0,0,0,0,1,0,0,"2014-07-03 18:46:25",0,0.08,"day_ago",1
29090799,"spotify/helios",1,1,2,1,4,"faible","src",15,"Thursday","1",26,"daily","MERGE",0,0,1,0,0,0,0,0,0,0,0.970950594454669,"1","0","0","0","1","b82aa7297eb6f766c590e56167b5f2e5947be28c",1,1,0,0,0,0,0,0,0,1,0,0,"2014-07-03 19:56:49",0,0.08,"day_ago",1
29224243,"spotify/helios",1,1,1,0,8,"faible","src",19,"Saturday","1",24,"daily","MERGE",0,0,1,0,0,0,0,0,0,0,0,"1","0","0","0","0","8199b3157d629a138eb13680c208a1ef31368372",0,0,0,0,0,0,0,0,0,0,0,0,"2014-07-05 23:52:28",0,0.07,"week_ago",1
29225336,"spotify/helios",1,1,1,1,10,"faible","src",20,"Saturday","1",29,"daily","MERGE",0,0,1,0,0,0,0,0,0,0,0,"1","0","0","0","1","77724cccacce71898025fdfa1e4cba8781cefe6c",0,0,0,0,0,0,0,0,0,1,0,0,"2014-07-06 00:34:08",0,0.12,"week_ago",1
29346363,"spotify/helios",1,1,1,3,10,"faible","src",14,"Monday","1",25,"daily","PUSH",0,0,1,0,0,NA,0,NA,0,NA,0,"0","0","0","0","0","2242e0d814fd78368c1e96d11c810c48e2be6d90",0,0,0,0,0,0,0,0,0,1,0,0,"2014-07-07 18:44:16",0,0.11,"more_week_ago",1
29346597,"spotify/helios",1,1,2,6,5,"faible","src",14,"Monday","1",25,"daily","PUSH",0,0,1,0,0,NA,0,NA,0,NA,0.994030211476956,"0","0","0","0","0","770c380b0dcd38d7a77c433f841b184d79e983d3",0,0,0,0,0,0,0,0,0,1,0,0,"2014-07-07 18:48:00",0,0.11,"more_week_ago",1
29346683,"spotify/helios",1,1,1,3,10,"faible","src",14,"Monday","1",25,"daily","PR",0,0,1,0,0,0,0,0,0,0,0,"0","0","0","0","0","2242e0d814fd78368c1e96d11c810c48e2be6d90",0,0,0,0,0,0,0,0,0,1,0,0,"2014-07-07 19:22:43",0,0.11,"more_week_ago",1
29346687,"spotify/helios",1,1,2,6,5,"faible","src",14,"Monday","1",25,"daily","PR",0,0,1,0,0,0,0,0,0,0,0.994030211476956,"0","0","0","0","0","770c380b0dcd38d7a77c433f841b184d79e983d3",0,0,0,0,0,0,0,0,0,1,0,0,"2014-07-07 18:48:35",0,0.11,"more_week_ago",1
29356259,"spotify/helios",1,1,2,11,27,"faible","src",16,"Monday","1",30,"daily","PUSH",0,0,1,0,1,NA,0,NA,1,NA,0.789749253662522,"0","0","0","0","0","45a7b949a9642c4275b92dd1f0566e9ec104bfb7",1,0,0,0,0,0,0,0,0,1,0,0,"2014-07-07 20:40:48",0,0.11,"more_week_ago",1
29356303,"spotify/helios",1,1,2,11,27,"faible","src",16,"Monday","1",30,"daily","PR",0,0,1,0,1,0,0,0,1,0,0.789749253662522,"0","0","0","0","0","45a7b949a9642c4275b92dd1f0566e9ec104bfb7",1,0,0,0,0,0,0,0,0,1,0,0,"2014-07-07 20:40:15",0,0.11,"more_week_ago",1
29357164,"spotify/helios",1,1,2,6,5,"faible","src",16,"Monday","1",26,"daily","MERGE",0,0,1,0,0,0,0,0,0,0,0.994030211476956,"0","0","0","0","0","51d69b44d1369702d21ae2ce04f9c2790bd2cce1",0,0,0,0,0,0,0,0,0,1,0,0,"2014-07-07 20:56:03",0,0.1,"more_week_ago",1
29357531,"spotify/helios",1,1,2,11,27,"faible","src",16,"Monday","1",31,"daily","MERGE",0,0,1,0,1,0,0,0,1,0,0.789749253662522,"0","0","0","0","0","29a26cd47cf0b15289059159677b599cf20db39e",1,0,0,0,0,0,0,0,0,1,0,0,"2014-07-07 20:55:32",0,0.11,"more_week_ago",1
29364748,"spotify/helios",1,1,1,2,9,"faible","src",18,"Monday","1",26,"daily","PUSH",0,0,1,0,0,NA,0,NA,0,NA,0,"0","0","0","0","1","368db858545ac16508b911eb8f6af895f092e62d",0,1,0,0,0,0,0,0,0,1,0,0,"2014-07-08 15:03:03",0,0.12,"more_week_ago",1
29364852,"spotify/helios",1,1,1,2,9,"faible","src",18,"Monday","1",26,"daily","PR",0,0,1,0,0,1,0,0,0,1,0,"0","0","0","0","1","368db858545ac16508b911eb8f6af895f092e62d",0,1,0,0,0,0,0,0,0,1,0,0,"2014-07-07 22:24:49",0,0.12,"more_week_ago",1
29412603,"spotify/helios",1,1,1,3,10,"faible","src",9,"Tuesday","1",26,"daily","MERGE",0,0,1,0,1,1,1,0,1,1,0,"0","0","0","0","0","f5f03bee02baeafb9751ae0cfa6daa4c2dc37734",0,0,0,0,0,0,0,0,0,1,0,0,"2014-07-08 13:15:03",0,0.1,"more_week_ago",1
29429334,"spotify/helios",1,1,1,2,9,"faible","src",12,"Tuesday","1",27,"daily","MERGE",0,0,1,0,0,1,0,1,0,1,0,"0","0","0","0","1","f4eb4cb0d5544039c3e43e09ad185b252416f2cc",0,1,0,0,0,0,0,0,0,1,0,0,"2014-07-08 16:15:47",1,0.13,"less_day",1
29452064,"spotify/helios",1,1,1,14,15,"faible","src",15,"Tuesday","1",31,"daily","PUSH",0,0,1,0,0,0,0,0,0,0,0,"0","0","0","0","0","56ed9a67fbff258a48f05a437bf8aa14087e97c6",1,0,0,0,0,0,0,0,0,1,0,0,"2014-07-08 20:54:41",0,0.12,"less_day",1
29452066,"spotify/helios",1,1,1,14,15,"faible","src",15,"Tuesday","1",31,"daily","PR",0,0,1,0,1,0,1,0,1,0,0,"0","0","0","0","0","56ed9a67fbff258a48f05a437bf8aa14087e97c6",1,0,0,0,0,0,0,0,0,1,0,0,"2014-07-08 20:55:19",0,0.12,"less_day",1
29515309,"spotify/helios",1,1,1,14,15,"faible","src",11,"Wednesday","1",32,"daily","MERGE",0,0,1,0,0,0,0,0,0,0,0,"0","0","0","0","0","1c2b3049e02b178512cc9de48e8cb052281e4014",1,0,0,0,0,0,0,0,0,1,0,0,"2014-07-09 15:22:17",0,0.12,"day_ago",1
29645380,"spotify/helios",1,1,6,44,552,"faible","test+src",18,"Thursday","1",29,"daily","PUSH",0,0,1,0,0,1,0,0,0,1,0.858638704183058,"0","0","0","0","0","12bbb613a1687243b98fd4d87748d424b1cc8be5",1,1,0,0,0,0,0,0,0,1,0,0,"2014-07-11 03:30:35",0,0.09,"week_ago",1
29645385,"spotify/helios",1,1,6,44,552,"faible","test+src",18,"Thursday","1",29,"daily","PR",0,0,1,0,1,0,0,0,1,0,0.858638704183058,"","","","","","12bbb613a1687243b98fd4d87748d424b1cc8be5",1,1,0,0,0,0,0,0,0,1,0,0,"2014-07-10 22:11:15",0,0.09,"week_ago",0
29664969,"spotify/helios",1,1,6,44,552,"faible","src",0,"Friday","1",29,"daily","MERGE",0,0,1,0,0,0,0,0,0,0,0.858638704183058,"0","0","0","0","0","1f438a6a5c0bb1ec26dbf74a25b98a5e6a45401b",1,1,0,0,0,0,0,0,0,1,0,0,"2014-07-11 05:10:45",0,0.09,"week_ago",1
29913144,"spotify/helios",1,1,3,0,60,"faible","test+src+other",14,"Monday","1",33,"daily","PUSH",0,0,1,0,1,NA,1,NA,1,NA,0.828220123367024,"0","0","0","0","0","cd1d893bed80daa41b676f0d0b2f0143b5e367fd",1,1,0,0,0,0,0,0,0,1,0,0,"2014-07-14 18:33:20",0,0.07,"week_ago",1
29914039,"spotify/helios",1,1,3,0,60,"faible","test+src+other",14,"Monday","1",33,"daily","PR",0,0,1,0,0,0,0,0,0,0,0.828220123367024,"0","0","0","0","0","cd1d893bed80daa41b676f0d0b2f0143b5e367fd",1,1,0,0,0,0,0,0,0,1,0,0,"2014-07-15 02:47:59",0,0.07,"week_ago",1
29944586,"spotify/helios",1,1,3,0,60,"faible","src+other",22,"Monday","1",33,"daily","MERGE",0,0,1,0,0,0,0,0,0,0,0.828220123367024,"0","0","0","0","0","c7898e227a7d19b36eab1d7f95cbcc5d5d412703",1,1,0,0,0,0,0,0,0,1,0,0,"2014-07-15 02:56:37",1,0.1,"less_day",1
29997983,"spotify/helios",1,1,1,5,4,"faible","src",11,"Tuesday","1",34,"daily","PUSH",0,0,1,0,1,NA,1,NA,1,NA,0,"0","0","0","0","0","862f614531b8a30cf60c62797bd5852c09e09b65",1,1,0,0,0,0,0,0,0,1,0,0,"2014-07-15 16:51:40",0,0.12,"less_day",1
29999138,"spotify/helios",1,1,1,5,4,"faible","src",11,"Tuesday","1",34,"daily","PR",0,0,1,0,0,0,0,0,0,0,0,"0","0","0","0","0","862f614531b8a30cf60c62797bd5852c09e09b65",1,1,0,0,0,0,0,0,0,1,0,0,"2014-07-15 17:05:46",0,0.12,"less_day",1
30005200,"spotify/helios",1,1,1,5,4,"faible","src",14,"Tuesday","1",34,"daily","MERGE",0,0,1,0,0,0,0,0,0,0,0,"0","0","0","0","0","dd3ed070fc3cc06f1c9cb464f3cbd89e3c3a35b6",1,1,0,0,0,0,0,0,0,1,0,0,"2014-07-15 18:12:58",1,0.15,"less_day",1
30015744,"spotify/helios",2,10,3,7,6,"faible","test+src",16,"Tuesday","1",21,"other","PUSH",0,0,1,0,0,0,0,0,0,0,0,"0","0","0","0","0","a6ec641354dddaf54f797adb57353cebd875d22b",0,1,0,0,0,0,0,0,0,1,0,0,"2014-07-16 19:34:30",0,0.14,"day_ago",1
30015746,"spotify/helios",2,10,5,9,8,"faible","test+src",16,"Tuesday","1",21,"other","PR",0,0,1,0,1,0,1,0,1,0,0,"0","0","0","0","0","a6ec641354dddaf54f797adb57353cebd875d22b",0,1,0,0,0,0,0,0,0,1,0,0,"2014-07-15 20:24:03",0,0.14,"less_day",1
30017214,"spotify/helios",1,1,1,34,28,"faible","src",16,"Tuesday","1",38,"daily","PUSH",0,0,1,0,0,NA,0,NA,0,NA,0,"0","0","0","0","0","07c3cd1e68e1c9592dd5654d69d430b08cee50cd",0,0,0,0,0,0,0,0,0,1,0,0,"2014-07-15 20:42:08",0,0.14,"less_day",1
30017242,"spotify/helios",1,1,1,34,28,"faible","src",16,"Tuesday","1",38,"daily","PR",0,0,1,0,0,0,0,0,0,0,0,"0","0","0","0","0","07c3cd1e68e1c9592dd5654d69d430b08cee50cd",0,0,0,0,0,0,0,0,0,1,0,0,"2014-07-16 01:29:40",0,0.14,"less_day",1
30095635,"spotify/helios",1,1,1,34,28,"faible","src",13,"Wednesday","1",39,"daily","MERGE",0,0,1,0,1,0,1,0,1,0,0,"0","0","0","0","0","30ee255350985f40173899e691e9ea0daa765004",0,0,0,0,0,0,0,0,0,1,0,0,"2014-07-16 17:58:49",0,0.13,"day_ago",1
30106896,"spotify/helios",1,1,2,2,2,"faible","src",16,"Wednesday","1",22,"other","MERGE",0,0,1,0,1,1,1,1,1,1,1,"0","0","0","0","0","34f835550385162ef66f781255c7da3e4450d557",0,1,0,0,0,0,0,0,0,1,0,0,"2014-07-16 20:13:53",1,0.18,"less_day",1
30109871,"spotify/helios",1,1,9,10,10,"moy","other",16,"Wednesday","1",22,"other","PUSH",0,0,1,0,1,1,1,1,1,1,0.984858661787547,"","","","","","a17fdbc9ba42590333a16ab0334a1c21b1486bb1",NA,NA,NA,NA,NA,NA,NA,NA,NA,NA,NA,NA,"2014-07-16 20:42:29",0,0.28,"less_day",0
30109875,"spotify/helios",1,1,9,10,10,"moy","other",16,"Wednesday","1",22,"other","PUSH",0,0,1,0,1,NA,0,NA,1,NA,0.984858661787547,"","","","","","f8a82a8e1f5e3dea94b7c7510c1591325907cea2",NA,NA,NA,NA,NA,NA,NA,NA,NA,NA,NA,NA,"2014-07-16 20:43:10",1,0.25,"less_day",0
30109877,"spotify/helios",1,1,9,10,10,"moy","other",16,"Wednesday","1",22,"other","PUSH",0,0,1,0,0,0,0,0,0,0,0.984858661787547,"","","","","","f8a82a8e1f5e3dea94b7c7510c1591325907cea2",NA,NA,NA,NA,NA,NA,NA,NA,NA,NA,NA,NA,"2014-07-16 20:43:37",1,0.25,"less_day",0
30111887,"spotify/helios",1,1,3,15,111,"faible","test+src",16,"Wednesday","1",35,"daily","PUSH",0,0,1,0,0,1,0,1,0,1,0.866468520263485,"0","0","0","0","0","692a9ed0faa3df3b2c54be28cee56bb796125362",1,0,0,0,0,0,0,0,0,1,0,0,"2014-07-16 21:08:53",1,0.19,"less_day",1
30111889,"spotify/helios",1,1,3,15,111,"faible","test+src",16,"Wednesday","1",35,"daily","PR",0,0,1,0,0,1,0,1,0,1,0.866468520263485,"0","0","0","0","0","692a9ed0faa3df3b2c54be28cee56bb796125362",1,0,0,0,0,0,0,0,0,1,0,0,"2014-07-16 21:09:15",1,0.19,"less_day",1
30118711,"spotify/helios",1,1,2,19,16,"faible","test+src",18,"Wednesday","1",35,"daily","PUSH",0,0,1,0,0,NA,0,NA,0,NA,0.721928094887362,"0","0","0","0","0","2aa9b44c572f490e980965f30e8745f14d905820",1,1,0,0,0,0,0,0,0,1,0,0,"2014-07-17 03:14:27",1,0.35,"less_day",1
30118759,"spotify/helios",1,1,2,19,16,"faible","test+src",18,"Wednesday","1",35,"daily","PR",0,0,1,0,1,1,1,1,1,1,0.721928094887362,"0","0","0","0","0","2aa9b44c572f490e980965f30e8745f14d905820",1,1,0,0,0,0,0,0,0,1,0,0,"2014-07-16 22:20:31",1,0.35,"less_day",1
30122667,"spotify/helios",1,1,2,17,72,"faible","src",19,"Wednesday","1",40,"daily","PUSH",0,0,1,0,0,NA,0,NA,0,NA,0.898419774686072,"1","0","0","0","1","0cc6ee3431a7502ecacce86c66a8af45702f1787",0,0,0,0,0,0,0,0,0,0,0,0,"2014-07-16 23:10:42",1,0.35,"less_day",1
30122781,"spotify/helios",1,1,2,17,72,"faible","src",19,"Wednesday","1",40,"daily","PR",0,0,1,0,0,1,0,1,0,1,0.898419774686072,"1","0","0","0","1","0cc6ee3431a7502ecacce86c66a8af45702f1787",0,0,0,0,0,0,0,0,0,0,0,0,"2014-07-16 23:11:24",1,0.35,"less_day",1
30128563,"spotify/helios",1,1,3,15,111,"faible","src",20,"Wednesday","1",35,"daily","MERGE",0,0,1,0,1,1,0,1,1,1,0.866468520263485,"0","0","0","0","0","abaff05bcbf09b431b6495358263ab9685748d5e",1,0,0,0,0,0,0,0,0,1,0,0,"2014-07-17 00:47:57",1,0.26,"less_day",1
30136504,"spotify/helios",1,1,2,19,16,"faible","src",23,"Wednesday","1",35,"daily","MERGE",0,0,1,0,0,1,0,0,0,1,0.721928094887362,"0","0","0","0","0","3442382c8faacaaf51f2dc34831ab04f4eb4ce91",1,1,0,0,0,0,0,0,0,1,0,0,"2014-07-17 03:41:21",0,0.27,"less_day",1
30203841,"spotify/helios",1,1,2,17,72,"faible","src",15,"Thursday","1",40,"daily","MERGE",0,0,1,0,0,0,0,0,0,0,0.898419774686072,"1","0","0","0","1","a0f648bd0889a39b6629e1f4669bfc24c4ba9bbe",0,0,0,0,0,0,0,0,0,0,0,0,"2014-07-17 19:36:56",0,0.27,"less_day",1
30205167,"spotify/helios",1,1,2,17,76,"faible","src",15,"Thursday","1",35,"daily","PUSH",0,0,1,0,0,1,0,0,0,1,0.789271272453699,"0","0","0","0","0","85664820644ebf7d9f43cbab8d4264a309a7d1f2",1,0,0,0,0,0,0,0,0,1,0,0,"2014-07-17 19:52:14",0,0.29,"less_day",1
30205171,"spotify/helios",1,1,2,17,76,"faible","src",15,"Thursday","1",35,"daily","PR",0,0,1,0,0,0,0,0,0,0,0.789271272453699,"0","0","0","0","0","85664820644ebf7d9f43cbab8d4264a309a7d1f2",1,0,0,0,0,0,0,0,0,1,0,0,"2014-07-17 19:53:11",0,0.29,"less_day",1
30213462,"spotify/helios",1,1,1,18,44,"faible","src",17,"Thursday","1",41,"daily","UNKNOWN",0,0,1,0,1,NA,1,NA,1,NA,0.789271272453699,"","","","","","93c1b5a54d18c9e28aaabde7f303ba4d0d117148",NA,NA,NA,NA,NA,NA,NA,NA,NA,NA,NA,NA,"2014-07-17 21:22:39",0,0.24,"day_ago",0
30213479,"spotify/helios",1,1,2,36,10,"faible","src",17,"Thursday","1",41,"daily","PUSH",0,0,1,0,0,NA,0,NA,0,NA,0.151096970517114,"1","0","1","1","1","35e9f9d2a5e3c43b7efcd11f4522eaf2b0fe32f8",1,1,0,0,0,0,0,0,0,1,0,0,"2014-07-17 21:24:47",0,0.24,"day_ago",1
30265979,"spotify/helios",1,1,2,17,76,"faible","src",9,"Friday","1",36,"daily","MERGE",0,0,1,0,0,0,0,0,0,0,0.789271272453699,"0","0","0","0","0","2e2603683b206f2b6ba2d59d6df1d184146fa864",1,0,0,0,0,0,0,0,0,1,0,0,"2014-07-18 13:07:58",0,0.23,"day_ago",1
30267102,"spotify/helios",1,1,1,4,4,"faible","src",9,"Friday","1",36,"daily","PUSH",0,0,1,0,0,0,0,0,0,0,0,"0","0","0","0","0","a017582664373852617cb55b68c7a62a6fb0a385",1,1,0,0,0,0,0,0,0,1,0,0,"2014-07-18 13:21:31",0,0.24,"day_ago",1
30267662,"spotify/helios",1,1,2,17,76,"faible","src",9,"Friday","1",36,"daily","MERGE",0,0,1,0,0,0,0,0,0,0,0.789271272453699,"0","0","0","0","0","2e2603683b206f2b6ba2d59d6df1d184146fa864",1,0,0,0,0,0,0,0,0,1,0,0,"2014-07-18 13:28:05",0,0.23,"day_ago",1
30267741,"spotify/helios",1,1,1,4,4,"faible","src",9,"Friday","1",36,"daily","PUSH",0,0,1,0,0,NA,0,NA,0,NA,0,"0","0","0","0","0","a017582664373852617cb55b68c7a62a6fb0a385",1,1,0,0,0,0,0,0,0,1,0,0,"2014-07-18 13:30:39",0,0.24,"day_ago",1
30267763,"spotify/helios",1,1,1,4,4,"faible","src",9,"Friday","1",36,"daily","PR",0,0,1,0,0,0,0,0,0,0,0,"0","0","0","0","0","a017582664373852617cb55b68c7a62a6fb0a385",1,1,0,0,0,0,0,0,0,1,0,0,"2014-07-18 15:21:23",0,0.24,"day_ago",1
30301631,"spotify/helios",1,1,1,1,23,"faible","src",16,"Friday","1",41,"daily","PUSH",0,0,1,0,0,NA,0,NA,0,NA,0,"1","0","0","0","0","2eb9a45ce7c9d2e3d58de4c8e3adb0bc7c88eda1",1,0,0,0,0,0,0,0,0,1,0,0,"2014-07-18 20:11:36",0,0.24,"day_ago",1
30301639,"spotify/helios",1,1,1,1,23,"faible","src",16,"Friday","1",41,"daily","PR",0,0,1,0,0,0,0,0,0,0,0,"1","0","0","0","0","2eb9a45ce7c9d2e3d58de4c8e3adb0bc7c88eda1",1,0,0,0,0,0,0,0,0,1,0,0,"2014-07-18 20:14:10",0,0.24,"day_ago",1
30301728,"spotify/helios",1,1,2,36,10,"faible","src",17,"Thursday","1",41,"daily","PR",0,0,1,0,0,0,0,0,0,0,0.151096970517114,"1","0","1","0","1","35e9f9d2a5e3c43b7efcd11f4522eaf2b0fe32f8",1,1,0,0,0,0,0,0,0,1,0,0,"2014-07-18 20:12:37",0,0.24,"day_ago",1
30302447,"spotify/helios",1,1,1,4,4,"faible","src",16,"Friday","1",37,"daily","MERGE",0,0,1,0,0,0,0,0,0,0,0,"0","0","0","0","0","c0421870665d6e6edfa041b081bf2f8afaaa25e5",1,1,0,0,0,0,0,0,0,1,0,0,"2014-07-18 20:22:02",0,0.23,"day_ago",1
30314560,"spotify/helios",1,1,1,1,23,"faible","src",19,"Friday","1",42,"daily","MERGE",0,0,1,0,0,0,0,0,0,0,0,"1","0","0","0","0","6383782bc95064b9a145a66beb0e17d8b65266e1",1,0,0,0,0,0,0,0,0,1,0,0,"2014-07-18 23:07:26",0,0.22,"week_ago",1
30586354,"spotify/helios",1,1,2,22,40,"faible","test+src",15,"Tuesday","1",41,"daily","PUSH",0,0,1,0,1,NA,1,NA,1,NA,0.27950554563668,"0","0","0","0","0","7d3a11d5eddf417cb8f265f0a071a48f3cf09ea1",1,1,0,0,0,0,0,0,0,1,0,0,"2014-07-22 19:29:32",0,0.18,"week_ago",1
30586797,"spotify/helios",1,1,2,22,40,"faible","test+src",15,"Tuesday","1",41,"daily","PR",0,0,1,0,0,0,0,0,0,0,0.27950554563668,"0","0","0","0","0","7d3a11d5eddf417cb8f265f0a071a48f3cf09ea1",1,1,0,0,0,0,0,0,0,1,0,0,"2014-07-22 20:33:07",0,0.18,"week_ago",1
30594881,"spotify/helios",1,1,2,22,40,"faible","src",17,"Tuesday","1",41,"daily","MERGE",0,0,1,0,0,0,0,0,0,0,0.27950554563668,"0","0","0","0","0","98762f69c8300c2b464f4f2edd682a2a36e44989",1,1,0,0,0,0,0,0,0,1,0,0,"2014-07-22 21:06:43",1,0.22,"less_day",1
30670557,"spotify/helios",1,1,9,10,10,"moy","other",12,"Wednesday","1",42,"daily","PUSH",0,0,1,0,0,0,0,0,0,0,0.984858661787547,"","","","","","92fc564d5721b3c9f7d7dca4c1b65b5343209d93",NA,NA,NA,NA,NA,NA,NA,NA,NA,NA,NA,NA,"2014-07-23 16:48:59",1,0.25,"less_day",0
30670559,"spotify/helios",1,1,9,10,10,"moy","other",12,"Wednesday","1",42,"daily","PUSH",0,0,1,0,1,0,1,0,1,0,0.984858661787547,"","","","","","c43fb37a05bce259b7b76f95d9f743fb71183fb9",NA,NA,NA,NA,NA,NA,NA,NA,NA,NA,NA,NA,"2014-07-23 16:48:48",0,0.18,"less_day",0
30670561,"spotify/helios",1,1,9,10,10,"moy","other",12,"Wednesday","1",42,"daily","PUSH",0,0,1,0,0,NA,0,NA,0,NA,0.984858661787547,"","","","","","c43fb37a05bce259b7b76f95d9f743fb71183fb9",NA,NA,NA,NA,NA,NA,NA,NA,NA,NA,NA,NA,"2014-07-23 16:48:09",0,0.18,"less_day",0
30672057,"spotify/helios",1,1,4,3,228,"faible","test+src",12,"Wednesday","1",41,"daily","PUSH",0,0,1,0,0,0,0,0,0,0,0.600477658950911,"0","0","0","0","0","e8e14a7607bd14f7a217c4720dfa18b4d153745f",1,1,0,0,0,0,0,0,0,1,0,0,"2014-07-23 17:04:58",0,0.18,"less_day",1
30677326,"spotify/helios",1,1,9,10,10,"moy","other",12,"Wednesday","1",42,"daily","PUSH",0,0,1,0,0,0,0,0,0,0,0.984858661787547,"","","","","","92fc564d5721b3c9f7d7dca4c1b65b5343209d93",NA,NA,NA,NA,NA,NA,NA,NA,NA,NA,NA,NA,"2014-07-23 18:09:38",0,0.2,"less_day",0
30677359,"spotify/helios",1,1,4,3,228,"faible","test+src",12,"Wednesday","1",41,"daily","PUSH",0,0,1,0,0,NA,0,NA,0,NA,0.600477658950911,"0","0","0","0","0","e8e14a7607bd14f7a217c4720dfa18b4d153745f",1,1,0,0,0,0,0,0,0,1,0,0,"2014-07-23 18:03:54",0,0.18,"less_day",1
30677413,"spotify/helios",1,1,4,3,228,"faible","test+src",12,"Wednesday","1",41,"daily","PR",0,0,1,0,0,0,0,0,0,0,0.600477658950911,"0","0","0","0","0","e8e14a7607bd14f7a217c4720dfa18b4d153745f",1,1,0,0,0,0,0,0,0,1,0,0,"2014-07-23 18:04:14",0,0.18,"less_day",1
30777311,"spotify/helios",1,1,4,3,228,"faible","src",14,"Thursday","1",42,"daily","MERGE",0,0,1,0,0,0,0,0,0,0,0.600477658950911,"0","0","0","0","0","8c3466d3b12cdd56d31e2df9f263d77ef203bd08",1,1,0,0,0,0,0,0,0,1,0,0,"2014-07-24 18:34:09",0,0.23,"day_ago",1
30780928,"spotify/helios",1,1,6,0,521,"faible","src",15,"Thursday","1",30,"other","PUSH",0,0,1,0,1,0,1,0,1,0,0.723451886581642,"","","","","","c707481c911758e056f801cf6887840a3988dbd8",NA,NA,NA,NA,NA,NA,NA,NA,NA,NA,NA,NA,"2014-07-24 19:16:33",0,0.11,"day_ago",0
30781409,"spotify/helios",1,1,2,1,2,"faible","src",15,"Thursday","1",30,"other","PUSH",0,0,1,0,0,1,0,0,0,1,0.91829583405449,"","","","","","21b77f207cad4d15eba169a654997eaf5f5d3229",NA,NA,NA,NA,NA,NA,NA,NA,NA,NA,NA,NA,"2014-07-24 19:24:09",1,0.17,"less_day",0
30788218,"spotify/helios",1,1,2,1,2,"faible","src",15,"Thursday","1",30,"other","PR",0,0,1,0,0,0,0,0,0,0,0.91829583405449,"","","","","","21b77f207cad4d15eba169a654997eaf5f5d3229",NA,NA,NA,NA,NA,NA,NA,NA,NA,NA,NA,NA,"2014-07-24 20:47:04",1,0.17,"less_day",0
30790099,"spotify/helios",1,1,4,3,228,"faible","src",14,"Thursday","1",42,"daily","MERGE",0,0,1,0,0,NA,0,NA,0,NA,0.600477658950911,"0","0","0","0","0","8c3466d3b12cdd56d31e2df9f263d77ef203bd08",1,1,0,0,0,0,0,0,0,1,0,0,"2014-07-24 21:09:43",0,0.23,"day_ago",1
30844461,"spotify/helios",1,1,1,22,83,"faible","src",9,"Friday","1",43,"daily","PUSH",0,0,1,0,0,0,0,0,0,0,0,"","","","","","4fc0d71d550e483f07f88a7265c7c67439d5b0d4",NA,NA,NA,NA,NA,NA,NA,NA,NA,NA,NA,NA,"2014-07-25 13:54:44",0,0.11,"week_ago",0
30844483,"spotify/helios",1,1,1,22,83,"faible","src",9,"Friday","1",43,"daily","PR",0,0,1,0,1,0,0,0,1,0,0,"","","","","","4fc0d71d550e483f07f88a7265c7c67439d5b0d4",NA,NA,NA,NA,NA,NA,NA,NA,NA,NA,NA,NA,"2014-07-25 13:55:10",0,0.11,"week_ago",0
30872527,"spotify/helios",1,1,6,0,522,"faible","src",15,"Friday","1",31,"other","MERGE",0,0,1,0,0,0,0,0,0,0,0.729824673148251,"","","","","","4fc35dc306101cb319099a7fd8d90a5892e84a1d",NA,NA,NA,NA,NA,NA,NA,NA,NA,NA,NA,NA,"2014-07-25 19:31:03",0,0.16,"day_ago",0
31056484,"spotify/helios",1,1,1,22,83,"faible","src",12,"Monday","1",46,"daily","MERGE",0,0,1,0,0,0,0,0,0,0,0,"","","","","","f804361b1cd3ba46af3d49c4bc7d5a5cd6d43579",NA,NA,NA,NA,NA,NA,NA,NA,NA,NA,NA,NA,"2014-07-28 16:18:09",0,0.16,"week_ago",0
31057567,"spotify/helios",1,1,4,15,16,"faible","test+src",12,"Monday","1",46,"daily","PUSH",0,0,1,0,0,NA,0,NA,0,NA,0.93491281099729,"0","0","0","0","0","ada570a77b55eab4b3b95132f3f0b6c646cf41f1",1,0,0,0,0,0,0,0,0,1,0,0,"2014-07-28 16:31:04",0,0.17,"week_ago",1
31057624,"spotify/helios",1,1,4,15,16,"faible","test+src",12,"Monday","1",46,"daily","PR",0,0,1,0,1,0,0,0,1,0,0.93491281099729,"0","0","0","0","0","ada570a77b55eab4b3b95132f3f0b6c646cf41f1",1,0,0,0,0,0,0,0,0,1,0,0,"2014-07-28 16:31:19",0,0.17,"week_ago",1
31062036,"spotify/helios",1,1,4,2,48,"faible","src",13,"Monday","1",46,"daily","PUSH",0,0,1,0,0,NA,0,NA,0,NA,0.940638281984515,"1","0","0","0","1","605e04a2c7640aaf304c8cda53396bfbea827fb8",1,0,0,0,0,0,0,0,0,1,0,0,"2014-07-28 17:22:34",0,0.13,"week_ago",1
31062082,"spotify/helios",1,1,4,2,48,"faible","src",13,"Monday","1",46,"daily","PR",0,0,1,0,0,0,0,0,0,0,0.940638281984515,"1","0","0","0","1","605e04a2c7640aaf304c8cda53396bfbea827fb8",1,0,0,0,0,0,0,0,0,1,0,0,"2014-07-28 17:24:23",0,0.13,"week_ago",1
31065369,"spotify/helios",1,1,4,15,16,"faible","src",13,"Monday","1",46,"daily","MERGE",0,0,1,0,0,0,0,0,0,0,0.93491281099729,"0","0","0","0","0","fef6a7c2998939246da1bf7afd93fd261f1337fd",1,0,0,0,0,0,0,0,0,1,0,0,"2014-07-28 17:55:52",0,0.12,"week_ago",1
31070408,"spotify/helios",1,1,2,2,42,"faible","test+src",14,"Monday","1",46,"daily","PUSH",0,0,1,0,0,NA,0,NA,0,NA,0.574635697837679,"0","0","0","0","0","6b45c07d4f5114c9acb89201a2d9d11c5570b9b9",1,1,0,0,0,0,0,0,0,1,0,0,"2014-07-28 18:53:46",0,0.13,"week_ago",1
31070595,"spotify/helios",1,1,2,2,42,"faible","test+src",14,"Monday","1",46,"daily","PR",0,0,1,0,0,0,0,0,0,0,0.574635697837679,"0","0","0","0","0","6b45c07d4f5114c9acb89201a2d9d11c5570b9b9",1,1,0,0,0,0,0,0,0,1,0,0,"2014-07-28 18:56:12",0,0.13,"week_ago",1
31083381,"spotify/helios",2,10,9,51,320,"faible","src",17,"Monday","1",0,"other","PUSH",0,0,1,0,0,0,0,0,0,0,0.424121889351012,"1","0","1","0","1","1e6e539bcbf8580a52105cbd83bd3968a8a348ba",1,1,0,0,0,0,0,0,0,1,0,0,"2014-07-28 21:08:44",0,0.14,"week_ago",1
31083383,"spotify/helios",2,10,16,100,598,"faible","src",17,"Monday","1",0,"other","PR",0,0,1,0,0,0,0,0,0,0,0.424121889351012,"1","0","1","0","1","1e6e539bcbf8580a52105cbd83bd3968a8a348ba",1,1,0,0,0,0,0,0,0,1,0,0,"2014-07-28 21:08:46",0,0.14,"week_ago",1
31187431,"spotify/helios",3,10,21,104,628,"faible","src+other",18,"Tuesday","1",1,"other","PUSH",0,0,1,0,0,1,0,0,0,1,0.328491765742445,"0","0","0","0","0","7d973ac68e9f54b79d2a103361d1a9abfc2bb034",1,0,0,0,0,0,0,0,0,1,0,0,"2014-07-29 22:28:03",0,0,"",1
31240411,"spotify/helios",3,10,26,108,658,"faible","src+other",18,"Tuesday","1",1,"other","PR",0,0,1,0,0,0,0,0,0,0,0.328491765742445,"0","0","0","0","0","7d973ac68e9f54b79d2a103361d1a9abfc2bb034",1,0,0,0,0,0,0,0,0,1,0,0,"2014-07-30 21:02:26",0,0,"",1
31251600,"spotify/helios",6,10,33,125,688,"faible","src+other",10,"Wednesday","1",48,"daily","PUSH",0,0,1,0,0,NA,0,NA,0,NA,0.0576432633452599,"1","0","1","0","1","f3144dea15b6fcd279eba8c232c173501a7fe439",1,0,0,0,0,0,0,0,0,1,0,0,"2014-07-30 19:40:39",0,0,"",1
31251813,"spotify/helios",6,10,40,142,718,"faible","src+other",10,"Wednesday","1",48,"daily","PR",0,0,1,0,0,0,0,0,0,0,0.0576432633452599,"1","0","1","0","1","f3144dea15b6fcd279eba8c232c173501a7fe439",1,0,0,0,0,0,0,0,0,1,0,0,"2014-07-30 16:20:21",0,0,"",1
31269543,"spotify/helios",2,10,43,145,732,"faible","src+other",15,"Wednesday","1",48,"daily","PUSH",0,0,1,0,0,0,0,0,0,0,0.306300809644672,"0","0","0","0","0","e22a6935095b1c6a6a12718ec7164c95b1135481",1,0,0,0,0,0,0,0,0,0,0,0,"2014-07-30 19:34:28",0,0,"",1
31269545,"spotify/helios",2,10,46,148,746,"faible","src+other",15,"Wednesday","1",48,"daily","PR",0,0,1,0,1,0,1,0,1,0,0.306300809644672,"0","0","0","0","0","e22a6935095b1c6a6a12718ec7164c95b1135481",1,0,0,0,0,0,0,0,0,0,0,0,"2014-07-31 12:54:15",0,0,"",1
31331826,"spotify/helios",1,1,2,0,25,"faible","src",9,"Thursday","1",2,"other","MERGE",0,0,1,0,0,0,0,0,0,0,0.998845535995202,"0","0","0","0","0","07391eafe0ae1a40b8aee812087c8ab6b733a913",1,0,0,0,0,0,0,0,0,1,0,0,"2014-07-31 13:34:46",0,0,"",1
31333239,"spotify/helios",3,10,7,10,49,"faible","src+other",9,"Thursday","1",36,"other","PUSH",0,0,1,0,1,0,1,0,1,0,0.307488607097004,"","","","","","271a75e1046e6b27a9d1f93e33ff6cd22b7dda47",NA,NA,NA,NA,NA,NA,NA,NA,NA,NA,NA,NA,"2014-07-31 13:50:54",NA,0,"",0
31333241,"spotify/helios",3,10,12,20,73,"faible","src+other",9,"Thursday","1",36,"other","PUSH",0,0,1,0,0,NA,0,NA,0,NA,0.307488607097004,"","","","","","271a75e1046e6b27a9d1f93e33ff6cd22b7dda47",NA,NA,NA,NA,NA,NA,NA,NA,NA,NA,NA,NA,"2014-07-31 13:50:57",0,0,"",0
31337474,"spotify/helios",3,10,17,30,97,"faible","src+other",9,"Thursday","1",36,"other","PR",0,0,1,0,0,0,0,0,0,0,0.307488607097004,"","","","","","271a75e1046e6b27a9d1f93e33ff6cd22b7dda47",NA,NA,NA,NA,NA,NA,NA,NA,NA,NA,NA,NA,"2014-07-31 14:35:27",0,0,"",0
31344640,"spotify/helios",1,1,1,1,11,"faible","src",11,"Thursday","1",49,"daily","MERGE",0,0,1,0,0,0,0,0,0,0,0,"0","0","0","0","0","ab4cff130c04c1ea8dd0421675aa583d9ab15fc0",1,0,0,0,0,0,0,0,0,0,0,0,"2014-07-31 16:52:28",0,0,"",1
31351326,"spotify/helios",1,1,1,1,4,"faible","src",13,"Thursday","1",49,"daily","PUSH",0,0,1,0,1,NA,1,NA,1,NA,0,"0","0","0","0","0","53eafb0088ffeb814ed36887a0790bf5bc123875",1,0,0,0,0,0,0,0,0,0,0,0,"2014-07-31 17:42:41",0,0,"",1
31354569,"spotify/helios",1,1,1,1,4,"faible","src",13,"Thursday","1",49,"daily","PR",0,0,1,0,0,0,0,0,0,0,0,"0","0","0","0","0","53eafb0088ffeb814ed36887a0790bf5bc123875",1,0,0,0,0,0,0,0,0,0,0,0,"2014-07-31 17:46:42",0,0,"",1
31355913,"spotify/helios",1,1,6,1,88,"faible","test+src+other",13,"Thursday","1",50,"daily","PUSH",0,0,1,0,1,1,1,0,1,1,0.542380993010729,"0","0","0","0","0","3b8623f387d699c82096f7860455c54a58b06812",1,0,0,0,0,0,0,0,0,1,0,0,"2014-07-31 19:26:19",0,0,"",1
31356000,"spotify/helios",1,1,6,1,88,"faible","test+src+other",13,"Thursday","1",50,"daily","PR",0,0,1,0,0,0,0,0,0,0,0.542380993010729,"0","0","0","0","0","3b8623f387d699c82096f7860455c54a58b06812",1,0,0,0,0,0,0,0,0,1,0,0,"2014-07-31 18:04:22",0,0,"",1
31356781,"spotify/helios",1,1,5,15,27,"faible","src",14,"Thursday","1",49,"daily","MERGE",0,0,1,0,1,0,1,0,1,0,0.722560212808465,"1","0","1","0","1","ff231ebe050daefc0ccec052d4f19ce337188dbd",1,0,0,0,0,0,0,0,0,1,0,0,"2014-07-31 18:14:01",0,0,"",1
31356868,"spotify/helios",1,1,1,1,1,"faible","src",14,"Thursday","1",37,"other","PUSH",0,0,1,0,1,1,1,1,1,1,0,"","","","","","8985f8430d31c8f0a45bb6e7e2f631e60cb08f3b",NA,NA,NA,NA,NA,NA,NA,NA,NA,NA,NA,NA,"2014-07-31 18:15:32",0,0,"",0
31356870,"spotify/helios",1,1,1,1,1,"faible","src",14,"Thursday","1",37,"other","PR",0,0,1,0,1,0,1,0,1,0,0,"","","","","","8985f8430d31c8f0a45bb6e7e2f631e60cb08f3b",NA,NA,NA,NA,NA,NA,NA,NA,NA,NA,NA,NA,"2014-07-31 18:35:51",0,0,"",0
31357034,"spotify/helios",1,1,1,1,1,"faible","src",14,"Thursday","1",37,"other","PUSH",0,0,1,0,0,NA,0,NA,0,NA,0,"","","","","","8985f8430d31c8f0a45bb6e7e2f631e60cb08f3b",NA,NA,NA,NA,NA,NA,NA,NA,NA,NA,NA,NA,"2014-07-31 18:36:04",0,0,"",0
31362490,"spotify/helios",1,1,1,1,4,"faible","src",15,"Thursday","1",49,"daily","MERGE",0,0,1,0,0,1,0,1,0,1,0,"0","0","0","0","0","2b6a097c8f6420e8d89fb5e58a92ab7a29c0bef6",1,0,0,0,0,0,0,0,0,0,0,0,"2014-07-31 19:20:00",1,0.2,"less_day",1
31365636,"spotify/helios",1,1,6,1,88,"faible","src+other",15,"Thursday","1",50,"daily","MERGE",0,0,1,0,0,0,0,0,0,0,0.542380993010729,"0","0","0","0","0","0c5190a3020ee16f3caf6d3c2aa6504437b010c0",1,0,0,0,0,0,0,0,0,1,0,0,"2014-07-31 19:55:26",1,0.25,"less_day",1
31427368,"spotify/helios",1,1,2,8,21,"faible","src+other",10,"Friday","1",37,"other","MERGE",0,0,1,0,1,0,1,0,1,0,0.663196840239829,"","","","","","f82e354fb36febdf5239570caf6603a873f4dc18",NA,NA,NA,NA,NA,NA,NA,NA,NA,NA,NA,NA,"2014-08-01 14:04:09",1,0.27,"less_day",0
31629056,"spotify/helios",1,1,2,8,21,"faible","src+other",10,"Friday","1",37,"other","MERGE",0,0,1,0,0,1,0,0,0,1,0.663196840239829,"","","","","","f82e354fb36febdf5239570caf6603a873f4dc18",NA,NA,NA,NA,NA,NA,NA,NA,NA,NA,NA,NA,"2014-08-04 16:52:23",1,0.27,"week_ago",0
31661278,"spotify/helios",1,1,2,8,21,"faible","src+other",10,"Friday","1",37,"other","MERGE",0,0,1,0,1,1,0,1,1,1,0.663196840239829,"","","","","","f82e354fb36febdf5239570caf6603a873f4dc18",NA,NA,NA,NA,NA,NA,NA,NA,NA,NA,NA,NA,"2014-08-04 22:21:33",1,0.27,"week_ago",0
31672574,"spotify/helios",1,1,2,8,21,"faible","src+other",10,"Friday","1",37,"other","MERGE",0,0,1,0,0,1,0,1,0,1,0.663196840239829,"","","","","","f82e354fb36febdf5239570caf6603a873f4dc18",NA,NA,NA,NA,NA,NA,NA,NA,NA,NA,NA,NA,"2014-08-05 01:58:03",1,0.27,"week_ago",0
31737159,"spotify/helios",1,1,1,2,1,"faible","src",13,"Tuesday","1",54,"daily","PUSH",0,0,1,0,0,NA,0,NA,0,NA,0,"0","0","0","0","0","544cbfd4420b128016e43dc6dccb63eb2ca5666a",1,0,0,0,0,0,0,0,0,0,0,0,"2014-08-05 18:05:10",0,0.25,"week_ago",1
31737169,"spotify/helios",1,1,1,2,1,"faible","src",13,"Tuesday","1",54,"daily","PR",0,0,1,0,1,1,0,1,1,1,0,"0","0","0","0","0","544cbfd4420b128016e43dc6dccb63eb2ca5666a",1,0,0,0,0,0,0,0,0,0,0,0,"2014-08-05 18:07:36",0,0.25,"week_ago",1
31737783,"spotify/helios",1,1,9,0,225,"moy","src+other",14,"Tuesday","1",54,"daily","PUSH",0,0,1,0,0,1,0,1,0,1,0.944682819661289,"","","","","","0aa04cfcbe10e8ce8553ac56a54ec5b196eb82a9",NA,NA,NA,NA,NA,NA,NA,NA,NA,NA,NA,NA,"2014-08-05 18:13:39",0,0.25,"week_ago",0
31737785,"spotify/helios",1,1,9,0,225,"moy","src+other",14,"Tuesday","1",54,"daily","PR",0,0,1,0,1,1,0,1,1,1,0.944682819661289,"","","","","","0aa04cfcbe10e8ce8553ac56a54ec5b196eb82a9",NA,NA,NA,NA,NA,NA,NA,NA,NA,NA,NA,NA,"2014-08-05 18:14:18",0,0.25,"week_ago",0
31737859,"spotify/helios",1,1,9,0,225,"faible","src+other",14,"Tuesday","1",54,"daily","MERGE",0,0,1,0,1,1,1,1,1,1,0.944682819661289,"","","","","","09397ce42538e38618eb984f22eae7146736c27f",NA,NA,NA,NA,NA,NA,NA,NA,NA,NA,NA,NA,"2014-08-05 18:15:10",1,0.28,"week_ago",0
31738543,"spotify/helios",1,1,2,2,8,"faible","src+other",14,"Tuesday","1",59,"daily","PUSH",0,0,1,0,1,1,0,1,1,NA,0.721928094887362,"","","","","","bf3a89daed8663bca6ac5a33b2b0f4bf684e28f5",NA,NA,NA,NA,NA,NA,NA,NA,NA,NA,NA,NA,"2014-08-05 18:30:17",1,0.32,"less_day",0
31738760,"spotify/helios",1,1,1,9,12,"faible","src",14,"Tuesday","1",54,"daily","PUSH",0,0,1,0,1,NA,1,NA,1,NA,0,"","","","","","34cecac0d71f32fd895a8ab7bd466799db7d3916",NA,NA,NA,NA,NA,NA,NA,NA,NA,NA,NA,NA,"2014-08-05 18:40:49",1,0.32,"less_day",0
31738819,"spotify/helios",1,1,1,9,12,"faible","src",14,"Tuesday","1",54,"daily","PR",0,0,1,0,1,1,1,1,1,1,0,"","","","","","34cecac0d71f32fd895a8ab7bd466799db7d3916",NA,NA,NA,NA,NA,NA,NA,NA,NA,NA,NA,NA,"2014-08-05 18:48:57",1,0.32,"less_day",0
31738951,"spotify/helios",1,1,2,2,8,"faible","src+other",14,"Tuesday","1",59,"daily","PR",0,0,1,0,0,1,0,1,0,1,0.721928094887362,"","","","","","bf3a89daed8663bca6ac5a33b2b0f4bf684e28f5",NA,NA,NA,NA,NA,NA,NA,NA,NA,NA,NA,NA,"2014-08-06 16:16:14",1,0.32,"less_day",0
31741059,"spotify/helios",1,1,1,9,12,"faible","src",14,"Tuesday","1",54,"daily","MERGE",0,0,1,0,1,1,1,1,1,1,0,"","","","","","09ed786795bd0a05ce437408661b7f7b253d452d",NA,NA,NA,NA,NA,NA,NA,NA,NA,NA,NA,NA,"2014-08-05 19:21:44",1,0.33,"less_day",0
31743208,"spotify/helios",1,1,9,10,10,"moy","other",15,"Tuesday","1",55,"daily","PUSH",0,0,1,0,1,1,1,1,1,1,0.984858661787547,"","","","","","9d7921928bf920d31586ce6add444cc4cd09495d",NA,NA,NA,NA,NA,NA,NA,NA,NA,NA,NA,NA,"2014-08-05 19:25:31",0,0.35,"less_day",0
31743211,"spotify/helios",1,1,9,10,10,"moy","other",15,"Tuesday","1",55,"daily","PUSH",0,0,1,0,0,1,0,1,0,1,0.984858661787547,"","","","","","e34bcd36c1d549c7a1a2d8421f371c9ae8cacf81",NA,NA,NA,NA,NA,NA,NA,NA,NA,NA,NA,NA,"2014-08-05 19:29:54",1,0.36,"less_day",0
31747258,"spotify/helios",1,1,1,1,2,"faible","src",16,"Tuesday","1",55,"daily","PUSH",0,0,1,0,0,NA,0,NA,0,NA,0,"","","","","","2cbc992bad48153131a0f1c835581dd34439c0f3",NA,NA,NA,NA,NA,NA,NA,NA,NA,NA,NA,NA,"2014-08-06 15:20:07",1,0.36,"less_day",0
31747296,"spotify/helios",1,1,1,1,2,"faible","src",16,"Tuesday","1",55,"daily","PR",0,0,1,0,1,1,1,1,1,1,0,"","","","","","2cbc992bad48153131a0f1c835581dd34439c0f3",NA,NA,NA,NA,NA,NA,NA,NA,NA,NA,NA,NA,"2014-08-05 20:09:54",1,0.36,"less_day",0
31808506,"spotify/helios",1,1,9,10,10,"moy","other",15,"Tuesday","1",55,"daily","PUSH",0,0,1,0,0,NA,0,NA,0,NA,0.984858661787547,"","","","","","e34bcd36c1d549c7a1a2d8421f371c9ae8cacf81",NA,NA,NA,NA,NA,NA,NA,NA,NA,NA,NA,NA,"2014-08-06 13:11:16",1,0.36,"less_day",0
31845312,"spotify/helios",1,1,2,2,8,"faible","src+other",15,"Wednesday","1",60,"daily","MERGE",0,0,1,0,1,1,0,1,1,1,0.721928094887362,"","","","","","0a9e707fd8c37c51b22a341a77dc6b058eae4323",NA,NA,NA,NA,NA,NA,NA,NA,NA,NA,NA,NA,"2014-08-06 19:47:00",1,0.36,"day_ago",0
31871872,"spotify/helios",1,1,5,5,11,"faible","src",21,"Wednesday","1",56,"daily","PUSH",0,0,1,0,0,NA,0,NA,0,NA,0.941578737633212,"1","0","1","0","1","53f87583ea3b17de513973253943c999712e14c1",1,0,0,0,0,0,0,0,0,1,0,0,"2014-08-07 02:04:04",0,0.35,"day_ago",1
31872150,"spotify/helios",1,1,5,5,11,"faible","src",21,"Wednesday","1",56,"daily","PR",0,0,1,0,0,1,0,0,0,1,0.941578737633212,"1","0","1","0","1","53f87583ea3b17de513973253943c999712e14c1",1,0,0,0,0,0,0,0,0,1,0,0,"2014-08-07 02:08:05",0,0.35,"day_ago",1
31910859,"spotify/helios",1,1,1,1,2,"faible","src",9,"Thursday","1",56,"daily","MERGE",0,0,1,0,0,1,0,0,0,1,0,"","","","","","c25c3297efe05b44ca0325f057077cee71fdb6d0",NA,NA,NA,NA,NA,NA,NA,NA,NA,NA,NA,NA,"2014-08-07 13:11:10",0,0.33,"day_ago",0
31911041,"spotify/helios",1,1,5,5,11,"faible","src",9,"Thursday","1",56,"daily","MERGE",0,0,1,0,0,1,0,0,0,1,0.941578737633212,"1","0","1","0","1","ab5a7b762eca944584d60a7a6738a593b0420f71",1,0,0,0,0,0,0,0,0,1,0,0,"2014-08-07 13:11:24",0,0.31,"day_ago",1
32009061,"spotify/helios",1,1,2,7,1,"faible","src",8,"Friday","1",44,"other","PR",0,0,1,0,0,0,0,0,0,0,0.954434002924965,"","","","","","1d891b9ba21fcd3942a9541810ab0dbfb4e2f398",NA,NA,NA,NA,NA,NA,NA,NA,NA,NA,NA,NA,"2014-08-08 12:50:30",0,0.32,"week_ago",0
32009063,"spotify/helios",1,1,2,7,1,"faible","src",8,"Friday","1",44,"other","PUSH",0,0,1,0,0,0,0,0,0,0,0.954434002924965,"","","","","","1d891b9ba21fcd3942a9541810ab0dbfb4e2f398",NA,NA,NA,NA,NA,NA,NA,NA,NA,NA,NA,NA,"2014-08-08 12:49:19",NA,0.32,"",0
32013991,"spotify/helios",1,1,3,4,16,"faible","src+other",9,"Friday","1",62,"daily","PUSH",0,0,1,0,0,NA,0,NA,0,NA,0.858672711073255,"0","0","0","0","0","a7447a4122b84b9e6c2b9b39852b7432e0d59d42",1,0,0,0,0,0,0,0,0,0,0,0,"2014-08-08 13:52:17",0,0.32,"week_ago",1
32013995,"spotify/helios",1,1,3,4,16,"faible","src+other",9,"Friday","1",62,"daily","PR",0,0,1,0,0,0,0,0,0,0,0.858672711073255,"0","0","0","0","0","a7447a4122b84b9e6c2b9b39852b7432e0d59d42",1,0,0,0,0,0,0,0,0,0,0,0,"2014-08-08 13:53:06",0,0.32,"week_ago",1
32014331,"spotify/helios",1,1,2,36,10,"faible","src",9,"Friday","1",62,"daily","MERGE",0,0,1,0,1,0,1,0,1,0,0.151096970517114,"1","0","0","1","1","105cf40880d97d3a773ac950356efd8161e3704e",1,1,0,0,0,0,0,0,0,1,0,0,"2014-08-08 13:56:37",0,0.29,"week_ago",1
32014760,"spotify/helios",1,1,2,7,1,"faible","src",9,"Friday","1",44,"other","MERGE",0,0,1,0,0,0,0,0,0,0,0.954434002924965,"","","","","","73fe39bcbd88ba80591dc0b1066c470d6bff9897",NA,NA,NA,NA,NA,NA,NA,NA,NA,NA,NA,NA,"2014-08-08 13:59:17",1,0.32,"less_day",0
32016008,"spotify/helios",1,1,1,1,10,"faible","src",10,"Friday","1",62,"daily","PUSH",0,0,1,0,1,NA,1,NA,1,NA,0,"0","0","0","0","0","b2f831b0709fce056933363fcf59ef727864136e",1,1,0,0,0,0,0,0,0,1,0,0,"2014-08-08 14:24:00",0,0.32,"week_ago",1
32016022,"spotify/helios",1,1,1,1,10,"faible","src",10,"Friday","1",62,"daily","PR",0,0,1,0,0,0,0,0,0,0,0,"1","0","1","0","1","b2f831b0709fce056933363fcf59ef727864136e",1,1,0,0,0,0,0,0,0,1,0,0,"2014-08-08 16:25:54",0,0.32,"week_ago",1
32017344,"spotify/helios",1,1,3,4,16,"faible","src+other",10,"Friday","1",62,"daily","MERGE",0,0,1,0,1,0,1,0,1,0,0.858672711073255,"0","0","0","0","0","1bf78e9a83d401c1a21c233818cbb791a75444a2",1,0,0,0,0,0,0,0,0,0,0,0,"2014-08-08 14:26:44",0,0.32,"less_day",1
32032114,"spotify/helios",1,1,1,1,10,"faible","src",13,"Friday","1",62,"daily","MERGE",0,0,1,0,1,1,0,1,1,1,0,"1","0","1","0","1","e68cf4f53c30576ad2d30dc7f561cc85aadc01ab",1,1,0,0,0,0,0,0,0,1,0,0,"2014-08-08 17:03:38",1,0.34,"less_day",1
32034416,"spotify/helios",1,1,6,18,127,"faible","src+other",13,"Friday","1",57,"daily","PUSH",0,0,1,0,1,1,1,0,1,1,0.721811264385633,"","","","","","58952ba2a84f560e52642c5f70f728e876879210",NA,NA,NA,NA,NA,NA,NA,NA,NA,NA,NA,NA,"2014-08-08 17:38:02",0,0.35,"less_day",0
32034418,"spotify/helios",1,1,6,18,127,"faible","src+other",13,"Friday","1",57,"daily","PR",0,0,1,0,1,1,0,1,1,1,0.721811264385633,"","","","","","58952ba2a84f560e52642c5f70f728e876879210",NA,NA,NA,NA,NA,NA,NA,NA,NA,NA,NA,NA,"2014-08-08 17:41:44",0,0.35,"less_day",0
32034466,"spotify/helios",1,1,6,18,127,"faible","src+other",13,"Friday","1",57,"daily","MERGE",0,0,1,0,1,1,1,1,1,1,0.721811264385633,"","","","","","2b166ee8efd8fff5b78a5a151a767117a8965b78",NA,NA,NA,NA,NA,NA,NA,NA,NA,NA,NA,NA,"2014-08-08 17:42:40",1,0.37,"less_day",0
32038754,"spotify/helios",1,1,2,32,23,"faible","src+other",14,"Friday","1",57,"daily","PUSH",0,0,1,0,1,NA,1,NA,1,NA,0.225363639127395,"","","","","","5443b556d9ad6621815862861078875d2264402d",NA,NA,NA,NA,NA,NA,NA,NA,NA,NA,NA,NA,"2014-08-08 19:20:11",1,0.35,"less_day",0
32041926,"spotify/helios",1,1,1,3,14,"faible","src",15,"Friday","1",57,"daily","PUSH",0,0,1,0,0,1,0,1,0,1,0,"","","","","","144fd490cb5f8c639c8d8cecfafd8ad02c33d234",NA,NA,NA,NA,NA,NA,NA,NA,NA,NA,NA,NA,"2014-08-08 19:11:42",1,0.35,"less_day",0
32042637,"spotify/helios",1,1,1,3,14,"faible","src",15,"Friday","1",57,"daily","PR",0,0,1,0,0,1,0,1,0,1,0,"","","","","","144fd490cb5f8c639c8d8cecfafd8ad02c33d234",NA,NA,NA,NA,NA,NA,NA,NA,NA,NA,NA,NA,"2014-08-08 19:17:53",1,0.35,"less_day",0
32042760,"spotify/helios",1,1,2,32,23,"faible","src+other",14,"Friday","1",57,"daily","PR",0,0,1,0,0,1,0,1,0,1,0.225363639127395,"","","","","","5443b556d9ad6621815862861078875d2264402d",NA,NA,NA,NA,NA,NA,NA,NA,NA,NA,NA,NA,"2014-08-08 19:20:34",1,0.35,"less_day",0
32042851,"spotify/helios",1,1,1,3,14,"faible","src",15,"Friday","1",57,"daily","MERGE",0,0,1,0,0,1,0,1,0,1,0,"","","","","","875cfd5e3d13e5e6132a5ef5cdd4be9fa2f086ca",NA,NA,NA,NA,NA,NA,NA,NA,NA,NA,NA,NA,"2014-08-08 19:20:51",1,0.34,"less_day",0
32043063,"spotify/helios",1,1,2,0,50,"faible","other",15,"Friday","1",62,"daily","PUSH",0,0,1,0,1,1,0,1,1,1,0.904381457724494,"","","","","","60cbddaec883db7608c1b9820149d1b0c635ae4c",NA,NA,NA,NA,NA,NA,NA,NA,NA,NA,NA,NA,"2014-08-08 19:39:05",1,0.35,"less_day",0
32043067,"spotify/helios",1,1,2,0,50,"faible","other",15,"Friday","1",62,"daily","PR",0,0,1,0,1,1,0,1,1,1,0.904381457724494,"","","","","","60cbddaec883db7608c1b9820149d1b0c635ae4c",NA,NA,NA,NA,NA,NA,NA,NA,NA,NA,NA,NA,"2014-08-08 19:40:01",1,0.35,"less_day",0
32043095,"spotify/helios",1,1,2,0,50,"faible","other",15,"Friday","1",62,"daily","MERGE",0,0,1,0,0,1,0,1,0,1,0.904381457724494,"","","","","","f99c8afb6386b865feb73e71a0786063bdae9f44",NA,NA,NA,NA,NA,NA,NA,NA,NA,NA,NA,NA,"2014-08-08 19:40:59",0,0.34,"less_day",0
32043268,"spotify/helios",1,1,2,32,23,"faible","src+other",15,"Friday","1",57,"daily","MERGE",0,0,1,0,1,1,1,1,1,1,0.225363639127395,"","","","","","d71803d149f81419e388ac6ac910feec472c2775",NA,NA,NA,NA,NA,NA,NA,NA,NA,NA,NA,NA,"2014-08-08 19:46:53",1,0.35,"less_day",0
32094794,"spotify/helios",1,1,2,32,23,"faible","src+other",15,"Friday","1",57,"daily","MERGE",0,0,1,0,0,1,0,1,0,1,0.225363639127395,"","","","","","d71803d149f81419e388ac6ac910feec472c2775",NA,NA,NA,NA,NA,NA,NA,NA,NA,NA,NA,NA,"2014-08-09 14:43:56",1,0.35,"less_day",0
32101964,"spotify/helios",1,1,6,6,116,"faible","src",13,"Saturday","1",59,"daily","PUSH",0,0,1,0,0,0,0,0,0,0,0.768094371938906,"0","0","0","0","1","04f9d733e330ef8c63e143368964b1a402ed3581",1,1,0,0,0,0,0,0,0,1,0,0,"2014-08-09 22:46:15",NA,0.37,"",1
32101966,"spotify/helios",1,1,6,6,116,"faible","src",13,"Saturday","1",59,"daily","PR",0,0,1,0,1,0,1,0,1,0,0.768094371938906,"0","0","0","0","1","04f9d733e330ef8c63e143368964b1a402ed3581",1,1,0,0,0,0,0,0,0,1,0,0,"2014-08-09 17:15:23",0,0.33,"less_day",1
32105021,"spotify/helios",2,10,9,13,184,"faible","src+other",14,"Saturday","1",63,"daily","PUSH",0,0,1,0,1,1,1,0,1,1,0.372758921405414,"","","","","","17354bffff7ad116711b860db5db98690d273e05",NA,NA,NA,NA,NA,NA,NA,NA,NA,NA,NA,NA,"2014-08-09 18:37:15",0,0.33,"day_ago",0
32105023,"spotify/helios",2,10,12,20,252,"faible","src+other",14,"Saturday","1",63,"daily","PR",0,0,1,0,0,0,0,0,0,0,0.372758921405414,"","","","","","17354bffff7ad116711b860db5db98690d273e05",NA,NA,NA,NA,NA,NA,NA,NA,NA,NA,NA,NA,"2014-08-09 18:37:11",0,0.33,"day_ago",0
32107589,"spotify/helios",2,10,15,27,320,"faible","src+other",14,"Saturday","1",63,"daily","PUSH",0,0,1,0,0,NA,0,NA,0,NA,0.372758921405414,"","","","","","17354bffff7ad116711b860db5db98690d273e05",NA,NA,NA,NA,NA,NA,NA,NA,NA,NA,NA,NA,"2014-08-09 19:06:00",0,0.33,"day_ago",0
32109141,"spotify/helios",1,1,2,32,23,"faible","src+other",15,"Friday","1",57,"daily","MERGE",0,0,1,0,1,NA,1,NA,1,NA,0.225363639127395,"","","","","","d71803d149f81419e388ac6ac910feec472c2775",NA,NA,NA,NA,NA,NA,NA,NA,NA,NA,NA,NA,"2014-08-09 19:32:55",1,0.35,"day_ago",0
32233630,"spotify/helios",1,1,2,2,23,"faible","src",10,"Monday","1",60,"daily","PUSH",0,0,1,0,1,0,0,0,1,0,0.529360865287364,"","","","","","d7c4dd43baa904893e0763cf7868ccd582cfd8dc",0,0,0,0,0,0,0,0,0,1,0,0,"2014-08-11 14:17:31",1,0.36,"day_ago",0
32233632,"spotify/helios",1,1,2,2,23,"faible","src",10,"Monday","1",60,"daily","PR",0,0,1,0,1,0,1,0,1,0,0.529360865287364,"0","0","0","0","0","d7c4dd43baa904893e0763cf7868ccd582cfd8dc",0,0,0,0,0,0,0,0,0,1,0,0,"2014-08-11 17:07:48",1,0.36,"week_ago",1
32251181,"spotify/helios",1,1,2,3,64,"faible","src+other",13,"Monday","1",65,"daily","MERGE",0,0,1,0,1,0,0,0,1,0,0.767190320644868,"","","","","","93f835b7f5631ec223603dfae6c9e92da23b391e",NA,NA,NA,NA,NA,NA,NA,NA,NA,NA,NA,NA,"2014-08-11 17:19:58",1,0.38,"day_ago",0
32251357,"spotify/helios",1,1,1,0,65,"faible","other",13,"Monday","1",60,"daily","PUSH",0,0,1,0,0,NA,0,NA,0,NA,0,"","","","","","6dd213cc21dda552407c0a82d321177306ea8b89",NA,NA,NA,NA,NA,NA,NA,NA,NA,NA,NA,NA,"2014-08-11 17:21:50",1,0.37,"day_ago",0
32256257,"spotify/helios",1,1,6,6,137,"faible","src",14,"Monday","1",61,"daily","MERGE",0,0,1,0,0,1,0,0,0,1,0.708721999314527,"0","0","0","0","1","ab2030616120a945aa98e2251bdeb07b8d7f02d0",1,1,0,0,0,0,0,0,0,1,0,0,"2014-08-11 18:18:59",0,0.38,"day_ago",1
32257178,"spotify/helios",1,1,1,0,65,"faible","other",13,"Monday","1",60,"daily","PUSH",0,0,1,0,0,0,0,0,0,0,0,"","","","","","6dd213cc21dda552407c0a82d321177306ea8b89",NA,NA,NA,NA,NA,NA,NA,NA,NA,NA,NA,NA,"2014-08-11 18:27:10",1,0.37,"day_ago",0
32257243,"spotify/helios",1,1,1,1,1,"faible","src",14,"Monday","1",61,"daily","PUSH",0,0,1,0,1,NA,0,NA,1,NA,0,"","","","","","12a3ffffcfab374f6cfbc5bf6a27b89570ab606d",0,0,0,0,0,0,0,0,0,0,0,0,"2014-08-11 18:28:05",0,0.35,"day_ago",0
32257259,"spotify/helios",1,1,1,1,1,"faible","src",14,"Monday","1",61,"daily","PR",0,0,1,0,1,1,0,0,1,1,0,"","","","","","12a3ffffcfab374f6cfbc5bf6a27b89570ab606d",0,0,0,0,0,0,0,0,0,0,0,0,"2014-08-11 18:31:07",0,0.35,"day_ago",0
32257574,"spotify/helios",1,1,1,1,1,"faible","src",14,"Monday","1",61,"daily","MERGE",0,0,1,0,1,1,1,0,1,1,0,"0","0","0","0","0","ffb4d1a237446ed0a4411fb0d8896a5134dd1f42",0,0,0,0,0,0,0,0,0,0,0,0,"2014-08-11 18:34:38",0,0.33,"week_ago",1
32258085,"spotify/helios",1,1,1,0,65,"faible","other",14,"Monday","1",60,"daily","MERGE",0,0,1,0,0,1,0,0,0,1,0,"","","","","","456d0fd198d448c907eda04c21f4e2fb8033cd87",NA,NA,NA,NA,NA,NA,NA,NA,NA,NA,NA,NA,"2014-08-11 18:37:39",1,0.38,"less_day",0
32264849,"spotify/helios",1,1,9,10,10,"moy","other",15,"Monday","1",0,"daily","PUSH",0,0,1,0,1,0,0,0,1,0,0.984858661787547,"","","","","","ef8ea8ecae40fff0a70419b97c7d8d188bd13af2",NA,NA,NA,NA,NA,NA,NA,NA,NA,NA,NA,NA,"2014-08-11 19:46:51",0,0.38,"less_day",0
32264851,"spotify/helios",1,1,9,10,10,"moy","other",15,"Monday","1",0,"daily","PUSH",0,0,1,0,0,NA,0,NA,0,NA,0.984858661787547,"","","","","","6684380d8a075d9742c06ef849883d5ce215aaf1",NA,NA,NA,NA,NA,NA,NA,NA,NA,NA,NA,NA,"2014-08-11 19:46:34",0,0.35,"less_day",0
32267535,"spotify/helios",1,1,1,2,2,"faible","src",16,"Monday","1",61,"daily","PUSH",0,0,1,0,0,0,0,0,0,0,0,"","","","","","4c7aae5080cc4a56a777f2476d2ed68536ac6969",NA,NA,NA,NA,NA,NA,NA,NA,NA,NA,NA,NA,"2014-08-11 20:19:38",0,0.37,"less_day",0
32277328,"spotify/helios",1,1,1,1,1,"faible","src",17,"Monday","1",61,"daily","PUSH",0,0,1,0,0,NA,0,NA,0,NA,0,"0","0","0","0","0","b85ba016f0a656e0ee1aa00f4d878f0c499cb5c5",1,0,0,0,0,0,0,0,0,1,0,0,"2014-08-11 21:59:20",0,0.4,"less_day",1
32277423,"spotify/helios",1,1,1,1,1,"faible","src",17,"Monday","1",61,"daily","PR",0,0,1,0,0,0,0,0,0,0,0,"0","0","0","0","0","b85ba016f0a656e0ee1aa00f4d878f0c499cb5c5",1,0,0,0,0,0,0,0,0,1,0,0,"2014-08-11 22:01:15",0,0.4,"less_day",1
32279100,"spotify/helios",1,1,1,1,1,"faible","src",18,"Monday","1",61,"daily","PUSH",0,0,1,0,1,0,0,0,1,0,0,"","","","","","05ca850c27c938d4e0de6a7b6bff5050f4bebea7",NA,NA,NA,NA,NA,NA,NA,NA,NA,NA,NA,NA,"2014-08-11 22:18:40",0,0.4,"less_day",0
32279303,"spotify/helios",1,1,1,4,4,"faible","src",18,"Monday","1",61,"daily","PUSH",0,0,1,0,0,0,0,0,0,0,0,"","","","","","31bcd0b1f4ca55859b05a160d35db67f6fb234a6",NA,NA,NA,NA,NA,NA,NA,NA,NA,NA,NA,NA,"2014-08-11 22:20:00",0,0.33,"less_day",0
32279901,"spotify/helios",1,1,1,2,2,"faible","src",18,"Monday","1",61,"daily","PUSH",0,0,1,0,1,0,0,0,1,0,0,"","","","","","ac6f3005bf61e2f8974149ea847bad61d73b0f2b",NA,NA,NA,NA,NA,NA,NA,NA,NA,NA,NA,NA,"2014-08-11 22:28:21",0,0.33,"less_day",0
32281063,"spotify/helios",1,1,1,20,20,"faible","src",18,"Monday","1",61,"daily","PUSH",0,0,1,0,1,NA,1,NA,1,NA,0,"","","","","","567cb726daebec82dafaccc2dbe21215a6af5c0b",NA,NA,NA,NA,NA,NA,NA,NA,NA,NA,NA,NA,"2014-08-11 22:45:49",0,0.19,"less_day",0
32281209,"spotify/helios",1,1,1,20,20,"faible","src",18,"Monday","1",61,"daily","PR",0,0,1,0,1,0,0,0,1,0,0,"","","","","","567cb726daebec82dafaccc2dbe21215a6af5c0b",NA,NA,NA,NA,NA,NA,NA,NA,NA,NA,NA,NA,"2014-08-11 22:48:09",0,0.19,"less_day",0
32293221,"spotify/helios",1,1,1,20,20,"faible","src",22,"Monday","1",61,"daily","MERGE",0,0,1,0,0,1,0,0,0,1,0,"","","","","","a995bf0e4c63778cb5cd2877292f2b2b52655448",NA,NA,NA,NA,NA,NA,NA,NA,NA,NA,NA,NA,"2014-08-12 02:21:34",1,0.24,"less_day",0
32293240,"spotify/helios",1,1,1,1,1,"faible","src",22,"Monday","1",61,"daily","MERGE",0,0,1,0,0,1,0,0,0,1,0,"0","0","0","0","0","0cd21686e476570a09233be97ef931046a11b4f5",1,0,0,0,0,0,0,0,0,1,0,0,"2014-08-12 02:20:58",0,0.31,"less_day",1
32352211,"spotify/helios",1,1,1,1,7,"faible","src",12,"Tuesday","1",61,"daily","PUSH",0,0,1,0,0,NA,0,NA,0,NA,0,"","","","","","77cbcee140345cf415a1e598c8eed512a60af87f",NA,NA,NA,NA,NA,NA,NA,NA,NA,NA,NA,NA,"2014-08-12 16:42:47",0,0.31,"less_day",0
32352647,"spotify/helios",1,1,1,1,7,"faible","src",12,"Tuesday","1",61,"daily","PR",0,0,1,0,1,0,0,0,1,0,0,"","","","","","77cbcee140345cf415a1e598c8eed512a60af87f",NA,NA,NA,NA,NA,NA,NA,NA,NA,NA,NA,NA,"2014-08-12 16:46:27",0,0.31,"less_day",0
32352991,"spotify/helios",1,1,1,1,7,"faible","src",12,"Tuesday","1",61,"daily","MERGE",0,0,1,0,0,0,0,0,0,0,0,"","","","","","e561517fb25a612edfc5e09b2132cacf110c32b8",NA,NA,NA,NA,NA,NA,NA,NA,NA,NA,NA,NA,"2014-08-12 16:47:56",0,0.3,"less_day",0
32355245,"spotify/helios",1,1,2,3,3,"faible","src",13,"Tuesday","1",62,"daily","PUSH",0,0,1,0,1,1,0,1,1,1,0.91829583405449,"","","","","","500a64a4a5ef0c5424695538f4d1d6a1bc288eeb",NA,NA,NA,NA,NA,NA,NA,NA,NA,NA,NA,NA,"2014-08-12 17:10:29",0,0.31,"less_day",0
32355336,"spotify/helios",1,1,2,3,3,"faible","src",13,"Tuesday","1",62,"daily","PR",0,0,1,0,1,0,0,0,1,0,0.91829583405449,"","","","","","500a64a4a5ef0c5424695538f4d1d6a1bc288eeb",NA,NA,NA,NA,NA,NA,NA,NA,NA,NA,NA,NA,"2014-08-12 17:10:58",0,0.31,"less_day",0
32355464,"spotify/helios",1,1,2,3,3,"faible","src",13,"Tuesday","1",62,"daily","MERGE",0,0,1,0,1,0,1,0,1,0,0.91829583405449,"","","","","","d453019e3c3bb50a28bcb600e927e5959778852f",NA,NA,NA,NA,NA,NA,NA,NA,NA,NA,NA,NA,"2014-08-12 17:13:22",0,0.17,"less_day",0
32366609,"spotify/helios",1,1,9,10,10,"moy","other",15,"Tuesday","1",0,"daily","PUSH",0,0,1,0,0,1,0,1,0,1,0.984858661787547,"","","","","","b0d541b8fc2d467c9cf4c7f4bf96ae006fa2899d",NA,NA,NA,NA,NA,NA,NA,NA,NA,NA,NA,NA,"2014-08-12 19:20:46",0,0.17,"less_day",0
32366613,"spotify/helios",1,1,9,10,10,"moy","other",15,"Tuesday","1",0,"daily","PUSH",0,0,1,0,0,NA,0,NA,0,NA,0.984858661787547,"","","","","","ac9744cedcbda2306133692c1517e735617b5dba",NA,NA,NA,NA,NA,NA,NA,NA,NA,NA,NA,NA,"2014-08-12 19:19:52",1,0.2,"less_day",0
32377993,"spotify/helios",1,1,3,33,124,"faible","test+src",17,"Tuesday","1",67,"daily","PUSH",0,0,1,0,0,NA,0,NA,0,NA,0.886171297010877,"0","0","0","0","0","306a28e0989c5635b07cd17957c2825017b58901",1,0,0,0,0,0,0,0,0,1,0,0,"2014-08-12 21:26:48",0,0.12,"less_day",1
32378005,"spotify/helios",1,1,3,33,124,"faible","test+src",17,"Tuesday","1",67,"daily","PR",0,0,1,0,0,0,0,0,0,0,0.886171297010877,"0","0","0","0","0","306a28e0989c5635b07cd17957c2825017b58901",1,0,0,0,0,0,0,0,0,1,0,0,"2014-08-12 21:27:06",0,0.12,"less_day",1
32442367,"spotify/helios",1,1,1,30,33,"faible","src",9,"Wednesday","1",67,"daily","PUSH",0,0,1,0,0,0,0,0,0,0,0,"0","0","0","0","0","eae821ea38ddf4bef983d170b0fe40b15dfd47bb",1,0,0,0,0,0,0,0,0,1,0,0,"2014-08-13 14:44:09",0,0.12,"less_day",1
32442369,"spotify/helios",1,1,1,30,33,"faible","src",9,"Wednesday","1",67,"daily","PR",0,0,1,0,0,0,0,0,0,0,0,"0","0","0","0","0","eae821ea38ddf4bef983d170b0fe40b15dfd47bb",1,0,0,0,0,0,0,0,0,1,0,0,"2014-08-13 14:44:01",0,0.12,"less_day",1
32456137,"spotify/helios",1,1,1,1,2,"faible","src",12,"Wednesday","1",67,"daily","PUSH",0,0,1,0,1,0,1,0,1,0,0,"0","0","0","0","0","1f92ed7fd43bc66db860462214af727bb8ebaa6f",1,0,0,0,0,0,0,0,0,1,0,0,"2014-08-13 17:01:30",0,0.12,"day_ago",1
32456139,"spotify/helios",1,1,1,1,2,"faible","src",12,"Wednesday","1",67,"daily","PR",0,0,1,0,0,0,0,0,0,0,0,"0","0","0","0","0","1f92ed7fd43bc66db860462214af727bb8ebaa6f",1,0,0,0,0,0,0,0,0,1,0,0,"2014-08-13 18:09:53",0,0.12,"day_ago",1
32457546,"spotify/helios",1,1,3,10,37,"faible","src",13,"Wednesday","1",63,"daily","PUSH",0,0,1,0,1,1,0,1,1,1,0.475662837382638,"1","0","1","0","0","76494f0b4b21cf16a547f9fa1205077d839d234d",1,0,0,0,0,0,0,0,0,1,0,0,"2014-08-13 17:17:04",0,0.12,"day_ago",1
32457551,"spotify/helios",1,1,3,10,37,"faible","src",13,"Wednesday","1",63,"daily","PR",0,0,1,0,1,0,0,0,1,0,0.475662837382638,"1","0","1","0","0","76494f0b4b21cf16a547f9fa1205077d839d234d",1,0,0,0,0,0,0,0,0,1,0,0,"2014-08-13 17:37:55",0,0.12,"day_ago",1
32460163,"spotify/helios",1,1,3,10,37,"faible","src",13,"Wednesday","1",63,"daily","MERGE",0,0,1,0,1,0,1,0,1,0,0.475662837382638,"1","0","1","0","0","bcdce7cccb8dc096db38e06b289bebd097c49da0",1,0,0,0,0,0,0,0,0,1,0,0,"2014-08-13 17:51:38",0,0.11,"day_ago",1
32464149,"spotify/helios",1,1,3,33,128,"faible","src",14,"Wednesday","1",67,"daily","MERGE",0,0,1,0,0,1,0,1,0,1,0.87702575149772,"0","0","0","0","0","4a71b48e87258fc94e6ab0abd411ac87c6ac43f3",1,0,0,0,0,0,0,0,0,1,0,0,"2014-08-13 18:33:30",1,0.19,"less_day",1
32661995,"spotify/helios",2,10,13,44,139,"moy","src+other",14,"Friday","1",3,"daily","PUSH",0,0,1,0,0,NA,0,NA,0,NA,0.469897000433602,"","","","","","46f799d0ea5b8877c255fa470965848812624f80",NA,NA,NA,NA,NA,NA,NA,NA,NA,NA,NA,NA,"2014-08-18 18:18:50",NA,NA,"",0
33001541,"spotify/helios",2,10,24,55,262,"moy","src+other",15,"Tuesday","1",8,"daily","PUSH",0,0,1,0,0,NA,0,NA,0,NA,0.476594638116272,"","","","","","362677fe5d3c025b038e84d622d67ff0a2d6d003",NA,NA,NA,NA,NA,NA,NA,NA,NA,NA,NA,NA,"2014-08-19 19:53:24",NA,NA,"",0
33189223,"spotify/helios",2,10,38,117,531,"moy","src+other",12,"Thursday","0",0,"daily","PUSH",0,0,1,0,0,NA,0,NA,0,NA,0.6260080832194,"1","0","1","1","1","a8c5fd622b5372ef014e90173d35e8f110ad2aa5",1,1,0,0,0,0,0,0,0,1,0,0,"2014-08-21 17:34:54",NA,NA,"",1
33505444,"spotify/helios",2,10,49,128,549,"moy","src+other",12,"Monday","1",13,"daily","PUSH",0,0,1,0,1,NA,0,NA,1,NA,0.594462415815251,"1","0","1","0","1","efe29f8ced6bfcbcd8bab03c819e1fefcd384e11",0,0,0,0,0,0,0,0,0,1,0,0,"2014-08-27 15:58:26",0,0,"",1
33756477,"spotify/helios",5,10,80,189,648,"high","test+src+other",21,"Wednesday","0",16,"daily","PUSH",0,0,1,0,0,NA,0,NA,0,NA,0.388206721252651,"1","0","1","0","1","b038ac71829ebc594385e0b0ec1af8e2c3fd5a2f",1,0,0,0,0,0,0,0,0,1,0,0,"2014-08-28 05:13:01",0,0,"",1
34232663,"spotify/helios",2,10,100,290,877,"moy","src+other",17,"Tuesday","1",22,"daily","PUSH",0,0,1,0,0,NA,0,NA,0,NA,0.696283044805368,"1","0","1","0","1","2ba4f51eaec975c67187c1e3dc601e4e1ba5a0c2",1,1,0,0,1,0,0,0,0,1,0,0,"2014-09-03 16:25:31",0,0,"",1
34242231,"spotify/helios",2,10,118,310,897,"high","other",20,"Tuesday","1",22,"daily","PUSH",0,0,1,0,0,NA,0,NA,0,NA,0.984858661787547,"","","","","","f756e3d79408f3f59a00db8ef4bef709fc9bb3fc",NA,NA,NA,NA,NA,NA,NA,NA,NA,NA,NA,NA,"2014-09-03 00:18:16",0,0,"",0
34297228,"spotify/helios",3,10,139,344,1450,"moy","src+other",11,"Wednesday","1",22,"daily","PUSH",0,0,1,0,0,NA,0,NA,0,NA,0.412827470882213,"1","0","1","1","1","fd875927cd58d02918d2b317d36d6628ab3970b1",1,1,0,0,0,0,0,0,0,1,0,0,"2014-09-03 15:03:17",0,0,"",1
34421956,"spotify/helios",2,10,154,378,1745,"moy","src+other",14,"Thursday","1",23,"daily","PUSH",0,0,1,0,0,NA,0,NA,0,NA,0.648834701339613,"1","0","0","0","0","9bdaec3b1a58157d316baaa98048809182c8594c",1,0,0,1,0,0,0,0,0,1,0,0,"2014-09-04 19:47:48",NA,NA,"",1
34712161,"spotify/helios",2,10,171,440,2043,"moy","src+other",10,"Monday","1",27,"daily","PUSH",0,0,1,0,0,NA,0,NA,0,NA,0.698453781985865,"1","0","0","0","0","795cb896faec862779f64b22956b61adde34e35f",1,0,0,0,0,0,0,0,0,1,0,0,"2014-09-08 14:15:21",NA,NA,"",1
34822883,"spotify/helios",3,10,184,459,2142,"moy","src+other",11,"Tuesday","1",28,"daily","PUSH",0,0,1,0,0,NA,0,NA,0,NA,0.367880870315935,"0","0","0","0","0","cf42b767c5f890696c5f2ec55412f9aed631affb",0,0,0,0,0,0,0,0,0,0,0,0,"2014-09-09 17:39:38",0,0,"",1
35020611,"spotify/helios",2,10,198,506,2204,"moy","src+other",10,"Thursday","1",30,"daily","PUSH",0,0,1,0,0,NA,0,NA,0,NA,0.690841709839556,"0","0","0","0","0","408de5337bcceb2054164d86d811e0efe06a6697",1,0,0,0,0,0,0,0,0,1,0,0,"2014-09-11 23:12:49",0,0,"",1
35137060,"spotify/helios",2,10,217,587,2739,"moy","src+other",12,"Friday","1",31,"daily","PUSH",0,0,1,0,0,NA,0,NA,0,NA,0.666803839416262,"0","0","0","0","0","4ba27d42046abe8197d45c18556295ef8cf749f4",1,0,0,0,0,0,0,0,0,1,0,0,"2014-09-12 16:36:07",NA,NA,"",1
35385538,"spotify/helios",2,10,231,612,2773,"moy","src+other",18,"Monday","1",35,"daily","PUSH",0,0,1,0,0,NA,0,NA,0,NA,0.541062961774855,"1","0","1","0","1","f5afc083de637e83be95e05d286e56a6cae77b27",1,1,0,0,0,0,0,0,0,1,0,0,"2014-09-16 00:48:43",NA,NA,"",1
35551829,"spotify/helios",2,10,249,668,2876,"moy","src+other",12,"Wednesday","1",36,"daily","PUSH",0,0,1,0,0,NA,0,NA,0,NA,0.682479442798717,"1","0","1","0","1","42c430e1a1622fe33659895fa28655d59083d339",1,0,0,0,0,0,0,0,0,1,0,0,"2014-09-17 18:12:13",NA,NA,"",1
35757271,"spotify/helios",2,10,261,694,2952,"moy","src+other",14,"Friday","1",38,"daily","PUSH",0,0,1,0,0,NA,0,NA,0,NA,0.480656961909996,"0","0","0","0","0","3e0fcbf847a3ec7c47ff3362c654fbbf38b4d218",0,0,0,0,0,0,0,0,0,0,0,0,"2014-09-19 19:10:43",0,0,"",1
36061044,"spotify/helios",2,10,272,706,2967,"moy","src+other",11,"Tuesday","1",42,"daily","PUSH",0,0,1,0,0,NA,0,NA,0,NA,0.473721379425647,"0","0","0","0","0","c2960d04e9fae3e21a6f18ddfb1f9cb5e3d2377c",0,0,0,0,0,0,0,0,0,0,0,0,"2014-09-23 15:52:58",0,0,"",1
36264757,"spotify/helios",2,10,283,719,2979,"moy","src+other",11,"Thursday","1",44,"daily","PUSH",0,0,1,0,0,NA,0,NA,0,NA,0.473721379425647,"0","0","0","0","0","ab6dbad6436b5afdf7120408227341afe0c00249",0,0,0,0,0,0,0,0,0,0,0,0,"2014-09-25 20:04:59",0,0,"",1
36685120,"spotify/helios",2,10,295,733,3045,"moy","src+other",12,"Tuesday","1",49,"daily","PUSH",0,0,1,0,1,NA,1,NA,NA,NA,0.572149815972747,"1","0","0","0","1","9f701d9485193097fe6e8fcb63913455b173f6cc",1,0,0,0,0,0,0,0,0,1,0,0,"2014-09-30 16:05:42",NA,NA,"",1
36689394,"spotify/helios",2,10,306,744,3065,"moy","other",12,"Tuesday","1",49,"daily","PUSH",0,0,1,0,0,NA,0,NA,0,NA,0.493329979336932,"","","","","","ed0b385186c9fc02de51fc4f2b2aa5bc0addae2f",NA,NA,NA,NA,NA,NA,NA,NA,NA,NA,NA,NA,"2014-09-30 17:57:17",0,0,"",0
36882297,"spotify/helios",2,10,317,761,3076,"moy","src+other",11,"Thursday","1",51,"daily","PUSH",0,0,1,0,0,NA,0,NA,0,NA,0.473721379425647,"0","0","0","0","0","be1f9ad1e7cc0ee1e58e0f9817ba6613b42474fc",1,0,0,0,0,0,0,0,0,1,0,0,"2014-10-02 16:22:24",NA,NA,"",1
36986252,"spotify/helios",2,10,334,803,3240,"moy","src+other",13,"Friday","1",52,"daily","PUSH",0,0,1,0,0,NA,0,NA,0,NA,0.682248980371335,"0","0","0","0","0","7a1ffec8e4125a3f6a6b2fcacb4cbaed695fc974",1,0,0,0,0,0,0,0,0,1,0,0,"2014-10-14 20:04:06",0,0,"",1
38093348,"spotify/helios",2,10,366,866,3514,"moy","src+other",17,"Wednesday","1",65,"daily","PUSH",0,0,1,0,0,NA,0,NA,0,NA,0.689374278668372,"1","0","1","1","1","56fcbde0c19c3378a826ea4566d47d4bfb7fc44a",1,1,0,1,0,0,0,0,0,1,0,0,"2014-10-15 21:37:36",NA,NA,"",1
38281044,"spotify/helios",2,10,377,878,3526,"moy","src+other",12,"Friday","1",66,"daily","PUSH",0,0,1,0,1,NA,1,NA,1,NA,0.473721379425647,"0","0","0","0","0","ac3a63ddbfb66589880f9d44856dc504a0fde02f",0,0,0,0,0,0,0,0,0,0,0,0,"2014-10-21 02:42:23",0,0,"",1
38614569,"spotify/helios",2,10,388,899,3594,"moy","src+other",11,"Tuesday","1",70,"daily","PUSH",0,0,1,0,1,NA,1,NA,1,NA,0.473721379425647,"","","","","","7f31af412d5b246ecd4dfc51faa1e76c5fcb7804",NA,NA,NA,NA,NA,NA,NA,NA,NA,NA,NA,NA,"2014-10-21 20:16:06",1,0.5,"less_day",0
38647628,"spotify/helios",2,10,390,899,3639,"faible","src+other",15,"Tuesday","1",132,"daily","PUSH",0,0,1,0,1,NA,0,NA,1,NA,0,"","","","","","0211f5179d13c2d79366d01cc3f8a009ce7b7440",NA,NA,NA,NA,NA,NA,NA,NA,NA,NA,NA,NA,"2014-10-21 20:43:29",1,0.67,"less_day",0
38843002,"spotify/helios",2,10,393,901,3758,"faible","src",12,"Thursday","1",63,"daily","PUSH",0,0,1,0,1,NA,0,NA,1,NA,0.244780974384231,"","","","","","541b7030bb7e68ef2ac24e63ad695edfb668a60a",0,0,0,0,0,0,0,0,0,1,0,0,"2014-10-23 17:14:57",0,0.5,"day_ago",0
